,Gebietsnummer,Differenz Erststimme CSU,Differenz Zweitstimme CSU,Differenz Erststimme SPD,Differenz Zweitstimme SPD,Differenz Erststimme GRÜNE,Differenz Zweitstimme GRÜNE,Differenz Erststimme FDP,Differenz Zweitstimme FDP,Differenz Erststimme DIE LINKE,Differenz Zweitstimme DIE LINKE,Differenz Erststimme AfD,Differenz Zweitstimme AfD
0,3001,-12.29,-7.8230900000000005,-7.189999999999998,-8.03931,6.25,4.385020000000001,7.359999999999999,6.18456,2.9600000000000004,6.288460000000001,5.3,1.2482099999999998
1,3002,-9.599999999999998,-9.18038,-4.1299999999999955,-7.394079999999999,5.02,6.49812,4.93,6.86032,1.5600000000000005,4.423810000000001,3.92,-0.9152999999999993
2,3003,-4.260000000000002,-5.224740000000001,-12.549999999999997,-13.323679999999998,1.5999999999999979,0.9653100000000023,9.25,12.31116,2.5599999999999996,3.656410000000001,6.05,3.988989999999999
3,3004,-12.11,-10.40606,-9.829999999999998,-10.0,7.609999999999999,5.5090900000000005,7.1499999999999995,9.81515,5.8999999999999995,6.724239999999999,4.7,2.0121199999999995
4,3005,-13.09,-7.852800000000002,-3.669999999999998,-9.65342,4.880000000000001,4.873290000000001,4.35,6.438510000000001,2.63,4.40124,3.91,0.6689400000000001
5,3006,-10.749999999999996,-10.346909999999998,-5.66,-9.436929999999998,5.68,7.590489999999999,5.7299999999999995,9.183520000000001,4.719999999999999,5.418069999999999,3.98,0.6128400000000003
6,3007,-7.489999999999998,-6.060189999999999,-12.329999999999998,-15.78134,6.67,6.0836700000000015,6.4,9.01835,4.49,7.87481,4.81,1.0432300000000003
7,3008,-9.100000000000001,-10.079809999999998,-6.970000000000002,-9.438489999999998,3.4300000000000015,6.132490000000001,6.95,10.02019,4.039999999999999,4.583280000000001,2.68,-0.014509999999999579
8,3009,-11.940000000000001,-10.070479999999996,-8.459999999999997,-10.33493,6.66,6.156409999999999,7.630000000000001,9.319939999999999,4.699999999999999,6.17372,4.04,0.7822300000000002
9,3010,-5.800000000000001,-3.448909999999998,-4.75,-11.50326,4.15,6.310870000000001,6.18,5.4630399999999995,0.9900000000000002,4.78261,3.66,1.5195699999999994
10,3011,-12.64,-11.251340000000003,-2.4299999999999997,-5.81484,4.880000000000001,7.429079999999999,5.54,6.894359999999999,2.71,3.34718,5.22,1.2314499999999997
11,3012,-13.299999999999997,-10.683359999999997,-8.779999999999998,-9.28151,7.350000000000001,7.271650000000001,8.510000000000002,9.84715,3.8499999999999996,3.6174099999999996,3.54,-0.8693400000000002
12,3013,-17.369999999999997,-10.065979999999996,-4.039999999999999,-9.71036,8.839999999999998,7.78895,8.830000000000002,8.425559999999999,2.31,6.01727,4.84,0.57219
13,3014,-12.329999999999998,-9.84459,-4.389999999999997,-6.408110000000001,3.6900000000000013,4.93919,8.09,7.41892,3.21,3.7081099999999996,5.41,1.4878399999999994
14,3015,-10.629999999999999,-9.942470000000004,-6.289999999999999,-9.045210000000003,1.2400000000000002,4.7479499999999994,6.0600000000000005,8.10685,3.66,2.7767100000000013,6.52,2.4205500000000004
15,3016,-11.620000000000001,-6.158010000000001,-6.619999999999997,-10.398710000000001,4.669999999999998,5.992629999999998,6.04,5.9171299999999984,3.1499999999999995,3.7447500000000007,5.88,1.5140000000000002
16,3017,-11.800000000000004,-11.43431,-4.470000000000002,-4.534779999999998,3.2300000000000004,4.60201,7.82,10.246989999999998,2.6500000000000004,2.5826899999999995,6.19,2.24606
17,3018,-9.86,-7.986160000000002,-7.689999999999998,-11.02201,1.3699999999999992,3.227039999999999,7.460000000000001,7.81006,4.39,6.949689999999999,6.32,2.2043999999999997
18,3019,-6.850000000000001,-6.248080000000002,-9.579999999999998,-13.633799999999999,3.129999999999999,3.754360000000002,5.87,8.63101,2.1800000000000006,5.1561,6.61,2.6912899999999995
19,3020,-11.720000000000002,-6.588840000000001,-6.82,-9.513069999999999,4.890000000000001,1.5822299999999991,7.220000000000001,7.5716600000000005,4.550000000000001,7.522169999999999,6.05,1.8610900000000008
20,3021,-8.16,-8.270520000000005,-7.3700000000000045,-10.708640000000003,2.91,2.9491700000000023,5.6899999999999995,7.550060000000001,1.8599999999999994,7.108769999999999,5.1,3.2885600000000004
21,3022,-10.91,-9.387459999999997,-4.150000000000002,-8.0835,2.5999999999999996,3.1118799999999993,7.73,7.85182,2.16,5.7811900000000005,4.3,-0.20956999999999937
22,3023,-7.669999999999998,-4.827259999999999,-12.169999999999998,-15.305560000000002,3.75,2.0726000000000013,8.260000000000002,12.19791,2.54,3.0104300000000004,6.44,2.7104300000000006
23,4001,-8.999999999999996,-7.796150000000004,-8.759999999999998,-10.574360000000002,3.5600000000000005,3.326920000000001,7.67,9.40385,3.5,5.375639999999999,6.9,3.192310000000001
24,4002,-10.260000000000002,-7.475210000000001,-6.439999999999998,-12.661060000000003,-0.05000000000000071,3.83727,6.13,6.179200000000001,3.95,5.34725,8.08,4.68419
25,4003,-12.979999999999997,-7.540779999999998,-5.310000000000002,-9.071129999999997,2.8200000000000003,5.244049999999998,6.040000000000001,3.1455100000000016,5.510000000000001,5.303589999999999,7.03,4.056610000000001
26,4004,-12.14,-9.087119999999999,-4.800000000000001,-7.3944800000000015,1.7400000000000002,3.804289999999998,4.67,5.003069999999999,2.1400000000000006,5.02331,10.14,4.2362
27,4005,-8.39,-6.817120000000003,-2.111460000000001,-5.684379999999999,3.1580699999999986,4.665170000000002,5.958069999999999,7.31772,0.02489000000000008,1.2567600000000008,7.843139999999999,3.70871
28,4006,-12.129999999999995,-8.068909999999995,-6.266670000000001,-11.280670000000004,2.1999999999999993,3.8344500000000004,6.63333,9.070589999999997,2.6,4.88403,7.66667,3.035289999999999
29,4007,-10.080000000000002,-9.076450000000001,-5.118400000000001,-11.78624,6.530670000000001,5.90734,4.602450000000001,6.860859999999999,2.2748500000000003,6.267889999999999,6.44172,3.956880000000001
30,4008,-7.109999999999999,-5.876919999999998,-13.81268,-14.31154,5.609310000000001,8.09359,4.825679999999999,5.7192300000000005,3.541569999999999,4.474360000000001,7.38363,5.25385
31,4009,-5.679999999999996,-2.2102000000000004,-8.791159999999998,-10.703400000000002,2.929929999999999,4.632650000000002,6.468030000000001,6.157820000000001,1.4421800000000005,2.0993199999999996,5.30612,1.4142900000000003
32,4010,-10.009999999999998,-8.162320000000001,-4.268789999999999,-11.34476,2.475179999999998,6.838239999999999,3.7177300000000004,5.54759,1.7248200000000002,4.59008,7.801419999999999,3.09858
33,4011,-13.139999999999997,-7.351170000000003,-0.7749999999999986,-8.707180000000001,3.21875,6.532920000000004,4.95,3.7244899999999994,2.51875,7.284560000000001,5.46875,0.4722300000000006
34,4012,-12.149999999999999,-7.636669999999999,-4.687099999999997,-11.752670000000002,3.235479999999999,4.178679999999996,4.5935500000000005,7.516639999999999,5.6322600000000005,8.731829999999999,4.67742,1.1696300000000006
35,4013,-12.300000000000004,-10.396819999999998,-2.8167199999999966,-5.935400000000001,2.333739999999999,6.97231,4.642860000000001,4.3823,5.286319999999999,5.59773,6.990880000000001,3.172010000000001
36,4014,-10.260000000000002,-7.6247200000000035,-7.119109999999999,-8.44482,2.2388499999999993,1.1110000000000007,7.67261,7.2427399999999995,1.8509599999999997,4.250400000000001,8.75796,4.409889999999999
37,4015,-14.440000000000001,-11.851340000000004,-0.6190200000000061,-8.150739999999999,-0.45305000000000106,2.355789999999999,7.25542,7.601479999999999,4.26954,7.069439999999999,8.76672,6.2694399999999995
38,4016,-9.91,-6.446110000000001,-9.793599999999998,-8.2878,8.13062,4.484900000000003,4.06997,3.95923,4.51618,5.6628300000000005,4.190919999999999,1.97805
39,4017,-7.09,-4.915639999999996,-11.787580000000002,-9.874849999999999,5.803500000000001,5.196149999999999,6.02955,7.5607700000000015,1.8138699999999996,1.3032500000000002,5.66948,2.820219999999999
40,4018,-9.559999999999999,-7.718690000000002,-7.707460000000001,-10.08932,3.613430000000001,5.025820000000003,5.75224,6.885160000000001,4.05821,5.179230000000001,4.92537,0.48634999999999984
41,4019,-11.43,-8.9027,-4.65718,-7.441569999999999,2.79566,2.3972999999999978,4.5945800000000006,5.560320000000002,4.872089999999999,6.8107999999999995,5.42005,1.57287
42,4020,-10.550000000000004,-7.929139999999997,0.03173999999999921,-10.119209999999999,4.462679999999999,9.46291,2.6416999999999997,3.974829999999999,2.3072999999999997,5.93642,4.11687,0.8331099999999996
43,4021,-11.469999999999999,-9.74184,-5.0034200000000055,-10.71135,5.048720000000001,8.273760000000003,7.65071,8.123400000000002,2.1678100000000002,4.429080000000001,3.9886,-0.9794299999999994
44,4022,-7.629999999999999,-7.207229999999999,-7.178199999999997,-9.130120000000002,3.4436099999999996,0.13012000000000157,5.424810000000001,11.534939999999999,1.76316,3.3819300000000005,5.86466,2.4265100000000004
45,4023,-11.010000000000002,-7.0,-4.251120000000004,-10.379999999999999,0.5782700000000016,1.2799999999999976,10.697759999999999,12.46,2.3923300000000007,4.38,3.3546300000000002,-0.7000000000000002
46,4024,-8.939999999999998,-8.893250000000002,-8.433799999999998,-11.34177,4.6507000000000005,4.22869,7.761970000000002,10.52546,2.1338,4.360760000000001,4.64789,0.9039400000000004
47,4025,-10.349999999999998,-3.8424499999999995,-6.3256499999999996,-9.716549999999998,3.329679999999998,5.463310000000002,7.10375,7.243879999999999,2.4755000000000003,4.00144,4.61095,-0.4956800000000001
48,4026,-9.920000000000002,-8.079620000000002,-7.936649999999997,-8.18599,4.0462299999999995,6.115920000000003,8.64368,8.516560000000002,2.1194100000000002,4.85414,3.7037,-0.9044600000000003
49,4027,-9.170000000000002,-7.381160000000001,-8.00233,-10.352170000000001,3.295350000000001,5.897100000000002,4.966279999999999,8.19565,4.322089999999999,4.385510000000002,5.232559999999999,1.5666700000000002
50,4028,-6.57,-3.653079999999999,-7.531420000000001,-12.81085,4.242729999999998,7.653079999999999,5.6511,6.3824000000000005,1.0737199999999998,4.11056,3.23054,-1.7343100000000002
51,4029,-9.420000000000002,-6.566859999999998,-7.025259999999999,-8.784020000000002,1.3475500000000018,3.128989999999998,7.1469499999999995,6.46805,3.93507,4.0195300000000005,6.53789,2.54852
52,4030,-11.810000000000002,-10.768710000000002,-10.49662,-9.588339999999999,11.83011,12.046629999999997,0.6093699999999984,2.4772999999999996,3.887710000000001,6.676689999999999,5.68356,1.0018399999999987
53,10001,-16.1,-12.621780000000001,-0.688240000000004,-6.142039999999998,2.2394999999999996,6.472860000000001,5.89916,5.757789999999999,3.39076,4.042710000000001,10.2521,6.462810000000001
54,10002,-12.129999999999995,-10.163820000000001,-4.3934200000000025,-7.533329999999999,4.958799999999999,6.714810000000002,5.56838,7.0903100000000014,1.1071500000000003,1.8678099999999995,10.01431,6.47806
55,10003,-18.17,-13.501339999999999,1.5805399999999992,-5.034229999999997,4.375169999999999,4.799329999999999,4.57987,9.862420000000002,0.3268499999999994,1.0691300000000004,10.4698,5.375169999999999
56,10004,-11.89,-7.942279999999997,-5.622219999999999,-10.752029999999998,0.6091500000000005,2.0691100000000002,5.51634,6.394310000000001,0.8555599999999997,4.043089999999999,13.725489999999999,9.18455
57,10005,-16.460000000000004,-11.450969999999998,-2.2983599999999953,-6.1648700000000005,1.0264600000000002,2.8159899999999993,4.7728,5.360239999999999,1.7285499999999994,2.2212300000000003,13.751870000000002,8.696110000000001
58,10006,-13.500000000000004,-10.194220000000001,-5.257540000000006,-7.186039999999998,2.1037300000000005,4.362120000000001,3.64846,4.42825,2.5312800000000006,1.9046500000000002,12.15559,7.95955
59,10007,-12.310000000000002,-10.855629999999998,-2.1027400000000043,-5.01125,2.57874,3.70482,3.17504,6.936330000000001,1.9478300000000002,2.9308699999999996,8.37359,5.26785
60,10008,-20.04,-17.588340000000002,-2.345359999999996,-8.149360000000001,2.771769999999999,4.307649999999999,6.114569999999999,7.468310000000001,4.814569999999999,6.16466,9.65392,6.91111
61,10009,-12.559999999999995,-8.290550000000003,-4.66065,-7.187450000000002,1.7447100000000013,2.6528899999999993,5.77532,4.088719999999999,3.04697,4.480539999999999,7.47532,4.56784
62,10010,-9.64,-7.588919999999998,-3.3072799999999987,-6.717679999999998,0.9635800000000003,5.322689999999998,2.75497,4.5498699999999985,-1.1615900000000003,1.1559400000000002,8.47682,3.6902399999999993
63,10011,-12.149999999999999,-7.748249999999999,-4.131209999999999,-4.68289,3.9964499999999994,2.74348,5.768789999999999,4.7591899999999985,0.057449999999999335,-1.2081299999999997,9.787230000000001,6.16045
64,10012,-10.829999999999998,-9.044049999999999,-6.420709999999996,-8.93833,4.786389999999999,5.377970000000001,5.53609,6.628489999999999,-1.0183400000000002,2.01689,7.39645,3.751099999999999
65,10013,-8.459999999999994,-6.480109999999996,-3.6339000000000006,-7.487449999999999,1.5333300000000003,3.8222799999999992,4.544630000000001,7.07602,1.0259900000000002,2.0701,7.9096,4.14993
66,10014,-21.18,-16.047059999999995,1.0943900000000006,-1.8705899999999964,-0.19158000000000008,1.0,8.401180000000002,7.605880000000001,-0.7824199999999992,0.6588199999999995,12.407680000000001,9.776470000000002
67,10015,-12.84,-10.05276,-6.84806,-6.76135,3.112399999999999,3.9766899999999996,4.776739999999999,6.2227,1.7317799999999997,1.6558300000000008,11.47287,5.1368100000000005
68,10016,-10.5,-5.481819999999999,-3.6122000000000014,-3.40606,2.4646300000000005,2.5484800000000005,2.8878,1.8818200000000003,0.04024000000000072,-0.6939399999999996,11.280489999999999,6.32424
69,10017,-12.589999999999996,-11.677100000000003,-7.446629999999999,-6.342749999999999,3.355830000000001,2.666410000000001,6.36258,6.2771,1.8018399999999994,2.4603100000000007,10.276069999999999,6.7664100000000005
70,10018,-11.060000000000002,-7.0706099999999985,-10.714750000000002,-10.139899999999997,3.4131100000000005,4.14483,5.52459,4.53005,4.627869999999999,4.152219999999999,11.47541,5.607880000000001
71,10019,-9.030000000000001,-5.7945899999999995,-10.683909999999994,-10.5991,5.0939700000000006,4.15766,5.08135,3.02883,0.8813499999999994,4.79099,10.054839999999999,5.13063
72,10020,-10.89,-7.596730000000001,-7.23977,-11.51473,6.285599999999999,6.377579999999998,5.2923100000000005,4.638299999999999,2.128639999999999,5.011289999999999,6.87398,3.78331
73,10021,-20.35,-16.704390000000004,-1.8538499999999978,-5.1831299999999985,1.7174800000000001,3.014589999999999,6.01678,6.120560000000001,2.59161,3.369069999999999,16.43357,11.50193
74,11001,-14.540000000000003,-9.096320000000002,-0.5140799999999928,-5.437390000000001,0.54765,1.2985800000000003,4.36316,5.232010000000001,2.2348500000000007,3.439939999999998,12.09104,6.93116
75,11002,-9.510000000000002,-5.300000000000001,-5.076689999999999,-8.385369999999998,1.0957100000000013,1.414629999999999,5.11534,4.436589999999999,0.2282200000000003,3.0561,9.355830000000001,4.85122
76,11003,-11.819999999999997,-6.5736799999999995,-6.65795,-11.921050000000001,-1.1130699999999996,0.34034999999999993,2.9335699999999996,3.41228,3.08057,4.254389999999999,15.724379999999998,10.542110000000001
77,11004,-16.080000000000002,-10.588809999999995,-3.888590000000004,-4.7913200000000025,2.41477,1.2141899999999994,4.5724800000000005,4.681139999999999,3.150339999999999,2.3166899999999986,12.41611,9.22421
78,11005,-14.29,-10.974650000000004,-0.014490000000002112,-2.4760600000000004,0.3470000000000004,-0.16196999999999928,1.62686,1.8338,-0.5763300000000005,0.018310000000000493,15.901060000000001,11.98592
79,11006,-15.670000000000002,-12.70496,-1.9941400000000016,-1.7588700000000017,1.0390800000000002,-0.08511000000000024,2.7181199999999994,3.08298,1.0033699999999994,0.7609899999999996,17.939610000000002,12.94894
80,11007,-16.33,-13.535339999999998,-4.546990000000001,-6.253379999999996,2.0361399999999996,2.7293199999999995,5.63494,6.832330000000001,3.0277100000000003,3.21955,13.55422,9.13985
81,11008,-17.88,-13.01212,-2.0891599999999997,-7.866669999999999,1.7855399999999992,3.975760000000001,4.5807199999999995,6.415150000000001,2.1759000000000004,2.3242399999999996,14.608429999999998,8.35152
82,11009,-9.900000000000002,-9.66581,-9.38559,-9.27094,1.5332800000000004,1.085469999999999,4.61801,6.685469999999999,3.090910000000001,3.4435899999999995,13.89365,9.84274
83,11010,-11.180000000000003,-8.575210000000002,-6.29195,-7.873539999999998,0.66913,-0.8108199999999997,5.0147699999999995,5.58502,0.585910000000001,0.816139999999999,15.268460000000001,10.506989999999998
84,11011,-9.25,-5.300829999999998,-6.807840000000006,-10.865289999999998,4.82092,4.5190100000000015,4.56275,4.55207,1.1359499999999993,4.0438,11.764710000000001,6.26198
85,11012,-17.169999999999998,-11.73694,0.09241000000000099,-1.4598700000000022,1.5949399999999994,1.3095500000000015,2.9379699999999995,1.9286599999999998,3.336710000000001,4.31338,12.025319999999999,7.6165600000000016
86,11013,-11.41,-11.028499999999998,-8.112650000000002,-8.550250000000002,2.1848199999999984,3.1575000000000024,6.57487,7.86526,4.5121400000000005,4.892580000000001,8.76897,3.818039999999999
87,11014,-14.130000000000003,-11.51652,-5.015450000000001,-7.599429999999998,1.8449200000000001,2.5695200000000007,6.39757,8.17521,1.7516499999999997,4.54416,9.72818,5.626210000000001
88,11015,-12.600000000000001,-9.928639999999998,-5.2333900000000035,-9.96123,0.4779699999999991,2.679070000000001,5.17315,6.649910000000001,1.8452699999999993,4.048539999999999,11.70396,7.193649999999999
89,11016,-14.460000000000004,-10.458970000000004,-6.623179999999998,-9.65128,1.7624000000000004,5.765379999999999,6.214099999999999,4.79615,2.6933500000000006,5.738460000000001,12.31767,6.42051
90,11017,-11.05,-7.960979999999996,-6.183490000000003,-9.302439999999997,4.814370000000002,5.03049,4.07492,2.7939,2.486539999999999,6.0378,8.8685,4.818289999999998
91,11018,-14.34,-9.085830000000001,-5.541270000000004,-9.14724,3.1825399999999995,4.50079,5.97143,6.753539999999999,3.912699999999999,4.85118,10.63492,5.468500000000001
92,11019,-10.110000000000003,-5.811759999999996,-7.896639999999998,-9.976470000000003,5.413450000000001,4.638660000000002,5.6352899999999995,5.024369999999999,1.3781499999999998,1.8588199999999997,8.90756,5.2159699999999996
93,11020,-14.05,-9.125720000000001,-5.28641,-6.907399999999999,3.4378600000000015,3.6401899999999987,5.605180000000001,5.21865,0.79061,1.6070700000000002,11.00324,6.210929999999999
94,11021,-4.079999999999998,-4.969570000000001,-9.380400000000002,-10.498550000000002,-0.07750000000000057,2.0,4.052090000000001,5.707250000000001,2.459530000000001,0.8463799999999999,12.522689999999999,10.630429999999999
95,11022,-8.190000000000001,-10.918600000000001,-12.464590000000001,-13.002329999999999,0.838519999999999,-0.9596899999999984,6.754860000000001,11.028679999999998,4.64942,6.615499999999999,11.4786,8.2969
96,11023,-6.920000000000002,-7.034579999999998,-4.028159999999993,-9.601929999999996,-1.5990300000000008,1.2470399999999984,2.760189999999999,6.205679999999998,3.274760000000001,6.04087,7.160189999999999,3.3898400000000004
97,11024,-7.2499999999999964,-5.180659999999996,-7.627299999999998,-9.262979999999999,0.8779899999999996,2.2265200000000007,3.6066900000000004,3.69724,3.69944,4.13536,10.16713,3.359119999999999
98,11025,-10.139999999999997,-4.32198,-6.501469999999998,-9.01978,6.61722,2.779119999999999,6.973260000000002,5.80256,3.7091600000000007,5.48901,4.0293,1.49451
99,12001,-11.950000000000003,-9.866670000000003,-6.85716,-12.13889,2.0322699999999996,4.4055599999999995,5.075939999999999,7.07222,-0.8884600000000002,0.7055600000000011,16.68985,11.78889
100,12002,-19.22,-11.606079999999999,-1.4408599999999971,-6.682410000000001,3.2900100000000005,3.6366099999999992,6.193,4.46119,1.5098600000000002,2.16274,12.84047,9.94774
101,12003,-16.919999999999998,-13.813840000000003,-2.4637800000000034,-1.7565999999999988,1.516539999999999,0.6760999999999999,1.9944900000000003,4.2761,4.761419999999999,4.8345899999999995,14.48819,7.136479999999998
102,12004,-14.060000000000002,-11.256250000000001,-7.2629899999999985,-9.23125,3.50394,1.7750000000000004,4.629130000000001,8.7375,2.65906,5.0125,12.75591,6.99375
103,12005,-16.8,-13.343620000000005,-3.8924900000000022,-4.84787,3.2260100000000005,4.656379999999999,4.73861,5.46702,1.4662199999999999,1.7457399999999996,10.72386,7.104260000000001
104,12006,-11.520000000000003,-7.019919999999999,-4.365219999999997,-10.38589,1.67598,1.5464700000000002,4.339339999999999,7.310789999999999,-0.10289999999999999,1.9539399999999993,10.76605,6.5033199999999995
105,12007,-16.990000000000002,-13.368440000000007,-1.118350000000003,-6.404549999999997,2.2207999999999988,4.088470000000001,5.10398,5.008799999999999,2.3633,3.542489999999999,7.79817,6.80819
106,12008,-9.600000000000001,-8.024690000000003,-6.41056,-13.85432,5.3540399999999995,10.54198,5.861489999999999,7.5321,-0.3074500000000002,1.9444399999999993,8.22981,4.0963
107,12009,-15.119999999999997,-12.756499999999999,-6.512329999999999,-9.29215,2.8412500000000005,3.03988,6.523589999999999,8.912079999999998,3.058139999999999,2.6613300000000013,11.11111,8.237760000000002
108,12010,-17.11,-12.53763,-3.531950000000002,-7.61411,1.3389999999999995,0.1709600000000009,4.0166,4.384460000000001,2.4614100000000008,3.6069500000000003,15.767629999999999,11.077910000000001
109,12011,-18.49,-15.063390000000002,-1.6098399999999984,-2.577960000000001,8.529139999999998,10.56503,3.2896199999999993,7.875589999999999,5.32532,5.607469999999999,6.92168,-2.47832
110,12012,-19.87,-15.631349999999998,-1.8354900000000072,-4.894210000000001,7.069279999999999,7.86899,3.0139900000000006,2.6807500000000006,5.444369999999999,6.1732499999999995,9.215019999999999,4.1696800000000005
111,12013,-11.719999999999999,-8.152100000000004,-6.8222200000000015,-10.283829999999998,6.815020000000002,5.86407,4.506910000000001,4.87725,2.4081099999999998,5.07725,8.40841,2.383230000000001
112,12014,-10.77,-8.245449999999998,-11.750999999999998,-12.409089999999999,5.252450000000001,3.6545500000000004,7.489289999999999,7.390910000000001,4.46334,8.20909,7.80399,4.14545
113,12015,-13.130000000000003,-8.52993,-7.450510000000001,-13.06395,8.076789999999999,7.757819999999999,6.385669999999999,6.30544,1.079180000000001,2.7938799999999997,9.044369999999999,5.1040800000000015
114,12016,-6.219999999999999,-6.364889999999999,-8.536659999999998,-7.916029999999999,3.092130000000001,4.975570000000001,5.13724,6.049620000000001,1.4823399999999998,2.7335899999999986,7.10173,2.5786299999999995
115,12017,-13.590000000000003,-7.106840000000002,-5.20411,-9.059280000000001,6.477179999999999,6.069710000000001,8.0931,8.021170000000001,-0.1664999999999992,2.140389999999999,4.105090000000001,0.4374600000000006
116,12018,-11.68,-7.858609999999999,-8.155689999999996,-10.570689999999997,5.950679999999998,5.343810000000001,8.16404,6.843810000000001,1.8145699999999998,5.0655600000000005,5.46282,0.6891199999999991
117,12019,-9.850000000000001,-4.74607,-7.3201399999999985,-7.677109999999999,0.81799,0.42431999999999803,10.300720000000002,9.2578,2.5820100000000004,2.5822600000000007,4.7482,0.4655199999999997
118,12020,-15.34,-9.408920000000006,-4.6569600000000015,-7.455089999999998,5.431920000000002,4.51831,5.107200000000001,4.910489999999999,2.05978,5.641630000000001,6.88576,1.6117399999999993
119,12021,-13.43,-12.68845,-2.7426799999999965,-7.10638,6.563409999999999,7.75684,6.180489999999999,9.244379999999998,1.9256099999999998,3.9948300000000003,2.5914599999999997,-0.6486299999999998
120,12022,-10.049999999999997,-6.428570000000001,-8.07778,-9.437989999999997,5.19056,7.680549999999998,6.8721499999999995,6.368689999999997,2.3316600000000003,3.2507600000000005,4.414,-0.3328300000000004
121,12023,-9.660000000000004,-8.974730000000001,-5.440499999999997,-9.926370000000002,1.19862,4.080220000000001,8.698620000000002,12.06374,3.0606099999999996,4.35385,5.096419999999999,0.6934100000000001
122,12024,-9.509999999999998,-6.63448,-7.6331500000000005,-10.593100000000002,6.232039999999998,6.9103400000000015,6.28287,8.886210000000002,3.0348100000000002,4.1034500000000005,5.24862,-0.8206899999999999
123,12025,-9.09,-7.197109999999999,-5.897379999999998,-9.233329999999999,1.8606299999999987,2.7910799999999973,7.36115,10.297899999999998,2.3430400000000002,5.4488199999999996,5.11811,-0.45066000000000006
124,12026,-10.469999999999999,-11.724129999999999,-11.1768,-10.825560000000001,2.73634,3.400410000000001,9.879059999999999,12.63988,2.9655,3.2754600000000007,5.54415,2.65297
125,12027,-10.219999999999999,-4.69398,-8.512220000000003,-13.204649999999997,3.46936,6.821339999999999,6.066439999999998,8.3117,3.3404499999999997,3.85009,6.712560000000001,2.6731499999999997
126,12028,-11.579999999999998,-5.24052,-2.7068800000000017,-10.07347,4.830310000000001,8.189799999999998,4.191949999999999,4.0687999999999995,1.6708599999999998,4.07172,4.68521,1.8766800000000003
127,12029,-12.229999999999997,-7.899999999999999,-5.600000000000001,-9.466670000000002,0.6333299999999991,-0.5666699999999985,9.96667,10.9,1.26667,4.13333,7.16667,2.5666700000000002
128,12030,-11.420000000000002,-8.157880000000002,-6.523530000000001,-7.752379999999999,5.42206,4.898170000000002,6.175,7.734070000000003,0.8499999999999996,1.174360000000001,6.985289999999999,2.674360000000001
129,12031,-10.52,-8.334239999999998,-6.425650000000001,-7.28445,1.6832899999999995,4.774320000000003,4.66916,4.497569999999999,2.95735,2.58573,12.10375,6.42411
130,24001,-17.330000000000002,-15.49091,-5.901970000000002,-6.88485,2.2335899999999995,3.8454500000000014,4.90015,5.306060000000001,1.497580000000001,0.6696999999999997,16.944020000000002,14.03636
131,24002,-19.97,-11.449539999999999,-8.76935,-8.8709,4.1303399999999995,2.81393,7.32353,5.28111,3.1987599999999996,3.22755,12.6935,11.370279999999998
132,24003,-12.650000000000006,-13.79401,-6.446680000000001,-8.39326,2.710639999999999,4.6831499999999995,7.03642,9.00799,0.72891,1.9434500000000003,10.88861,8.60861
133,24004,-20.129999999999995,-18.6016,-1.2979599999999998,-7.209139999999998,2.85138,6.56241,8.32591,9.639479999999999,2.84017,6.433960000000001,8.15138,3.743689999999999
134,24005,-19.25,-16.34458,-3.263060000000003,-5.972289999999997,7.298070000000002,8.19036,7.489650000000001,8.62651,0.32875999999999994,2.6241,9.145610000000001,4.6
135,24006,-18.979999999999997,-17.03022,-2.046009999999999,-5.88354,6.801229999999999,8.07027,5.525150000000001,8.86757,1.3674799999999998,2.58256,9.81595,5.693610000000001
136,24007,-12.979999999999997,-11.059809999999995,-8.14331,-7.77786,3.206299999999999,2.4029799999999994,4.701569999999999,3.9901099999999996,2.52677,3.7353199999999998,11.9685,8.486810000000002
137,24008,-14.840000000000003,-9.116129999999998,-2.9136200000000017,-5.545159999999999,2.1134699999999995,1.944280000000001,3.7565199999999996,4.584160000000002,2.667060000000001,2.3577700000000004,11.27379,7.51672
138,24009,-15.309999999999995,-13.354879999999994,-6.9259299999999975,-6.53049,3.4814800000000004,4.3939,4.69877,6.418289999999999,3.2703699999999998,4.446339999999998,13.58025,7.081710000000001
139,24010,-19.359999999999996,-16.920070000000003,-2.5078400000000016,-5.529689999999999,0.7091500000000002,2.15106,4.08235,2.03589,3.0529399999999995,4.9248,16.013070000000003,12.792010000000001
140,24011,-17.93,-13.843600000000002,-4.773910000000001,-4.5944600000000015,0.75217,0.17128000000000032,3.25217,2.54429,1.8043500000000003,3.81557,22.43478,13.975429999999998
141,24012,-11.560000000000002,-6.9935800000000015,-7.9417100000000005,-10.530280000000001,1.5358799999999997,1.4880699999999996,0.91439,3.27064,-0.4032800000000005,-1.6091699999999989,21.31148,18.41927
142,24013,-16.159999999999997,-12.762070000000001,-4.73077,-5.862070000000003,1.24505,-0.07387000000000032,2.7956,3.00762,1.0575100000000006,2.2263199999999994,18.68132,13.500729999999999
143,24014,-13.119999999999997,-10.759140000000002,-2.0517400000000023,-3.2441899999999997,-0.25158000000000014,0.7445199999999996,4.07264,5.303989999999999,-0.43979999999999997,1.3006600000000006,17.41294,11.804649999999999
144,24015,-13.120000000000005,-10.812309999999997,-3.5842099999999952,-5.832249999999998,1.6364199999999993,2.9379100000000005,4.685630000000001,4.02801,0.9011399999999998,2.969450000000001,14.935989999999999,9.90014
145,24016,-14.64,-10.276829999999997,-5.80518,-8.29401,1.51208,2.0241,5.0745000000000005,6.55406,3.7977399999999992,4.18668,13.944220000000001,8.879760000000001
146,24017,-14.919999999999995,-12.148479999999996,-5.063390000000002,-6.003029999999999,1.3540099999999997,0.6272700000000002,4.24887,5.557580000000001,2.9643000000000006,4.5484800000000005,13.61573,8.890910000000002
147,24018,-15.600000000000001,-13.8278,-2.881070000000001,-7.129380000000001,2.20505,5.626539999999999,3.17823,3.309,1.4823300000000001,3.24676,14.66877,10.855770000000001
148,24019,-15.299999999999997,-14.761070000000004,-4.266259999999999,-8.1374,3.515950000000001,6.361829999999999,5.742330000000001,5.76183,1.7613500000000002,2.6542000000000003,10.42945,7.813739999999999
149,24020,-15.090000000000003,-10.298649999999995,-4.427759999999999,-6.574629999999999,3.20782,4.8603200000000015,7.264419999999999,5.766130000000001,1.9822099999999998,2.27773,10.6469,8.125370000000002
150,24021,-12.579999999999998,-13.414090000000002,-5.116130000000002,-6.626850000000001,1.8118300000000005,1.7120800000000003,7.7806500000000005,11.28658,0.78817,1.2664400000000002,8.46774,4.86443
151,24022,-21.58,-15.81176,1.7241500000000016,-4.117650000000001,2.9892499999999993,5.464710000000001,4.174669999999999,3.5,1.4709900000000005,2.4294099999999994,11.63476,8.323529999999998
