,Gebietsnummer,Anteil Deutsche Bevölkerung 2013,Anteil Nichtdeutsche EU Bevölkerung 2013,Anteil Nichtdeutsche nicht EU Bevölkerung 2013,Anteil Migrationshintergrund Bevölkerung 2013,Anteil Verheiratete Bevölkerung 2013,Anteil 18 - 24 Jährige Wahlberechtigte 2013,Anteil 25 - 34 Jährige Wahlberechtigte 2013,Anteil 35 - 44 Jährige Wahlberechtigte 2013,Anteil 45 - 59 Jährige Wahlberechtigte 2013,Anteil 60 Jährige und ältere Wahlberechtigte 2013,Anteil Einpersonenhaushalte 2013,Anteil Haushalte mit Kind(ern) 2013,SV-Beschäftigtendichte 2013,Arbeitslosendichte 2013,ALG II - Empfängerdichte 2013
0,3001,0.8643469490670699,0.0932929904185577,0.0423600605143722,0.23499747856782702,0.28088754412506295,0.100130039011704,0.30494148244473307,0.189206762028609,0.19505851755526699,0.21066319895968802,0.644305772230889,0.10296411856474301,0.531,0.026,0.028
1,3002,0.851600387972842,0.0994180407371484,0.0489815712900097,0.260426770126091,0.318137730358875,0.0718050065876153,0.266798418972332,0.19565217391304396,0.22068511198946,0.24505928853754896,0.6497305619707471,0.127790608160123,0.531,0.026,0.028
2,3003,0.761668321747766,0.155412115193644,0.0829195630585899,0.333664349553128,0.242800397219464,0.0919458303635068,0.40698503207412706,0.166072701354241,0.163934426229508,0.171062009978617,0.7135298563869991,0.0786092214663643,0.531,0.026,0.028
3,3004,0.77349069450749,0.14026327734906902,0.0862460281434408,0.322287789378121,0.229232864275987,0.10148674854557199,0.389786683904331,0.184873949579832,0.173884938590821,0.149967679379444,0.7283276450511942,0.0819112627986348,0.531,0.026,0.028
4,3005,0.779141104294479,0.132609721566777,0.0882491741387447,0.328928739971685,0.232184992921189,0.12191872085276499,0.33111259160559603,0.159893404397069,0.19653564290473002,0.19053964023984,0.6986404833836861,0.0868580060422961,0.531,0.026,0.028
5,3006,0.73044183218484,0.16740980948520498,0.102148358329955,0.372517227401702,0.193352249695987,0.17805020431990698,0.388791593695271,0.118505545826036,0.133099824868652,0.18155283129013397,0.753052917232022,0.0569877883310719,0.531,0.026,0.028
6,3007,0.841,0.1125,0.0465,0.2565,0.292,0.0859427048634244,0.262491672218521,0.195203197868088,0.213191205862758,0.24317121918720896,0.639646869983949,0.102728731942215,0.531,0.026,0.028
7,3008,0.812810327706058,0.131578947368421,0.0556107249255214,0.30188679245283,0.24379344587884802,0.12508497620666198,0.311352821210061,0.176070700203943,0.18150917743032002,0.20598232494901397,0.715045592705167,0.0980243161094225,0.531,0.026,0.028
8,3009,0.821107430194037,0.12588736393753,0.0530052058684335,0.287742546142925,0.24988168480832898,0.111111111111111,0.325626204238921,0.161849710982659,0.18497109826589603,0.216441875401413,0.7071742313323571,0.0944363103953148,0.531,0.026,0.028
9,3010,0.767832167832168,0.148251748251748,0.0839160839160839,0.33426573426573397,0.250815850815851,0.129506008010681,0.33644859813084105,0.15086782376502,0.178237650200267,0.20493991989319102,0.719380888290713,0.082099596231494,0.531,0.026,0.028
10,3011,0.763238512035011,0.12691466083150998,0.109846827133479,0.32910284463895,0.277024070021882,0.104545454545455,0.316233766233766,0.168181818181818,0.20194805194805202,0.209090909090909,0.6917945296864579,0.108739159439626,0.531,0.026,0.028
11,3012,0.780650913954525,0.12349531876950501,0.0958537672759697,0.33794025858225607,0.26928221132412,0.131510416666667,0.29752604166666696,0.164713541666667,0.176432291666667,0.229817708333333,0.645851154833191,0.125748502994012,0.531,0.026,0.028
12,3013,0.7471884840305891,0.133603238866397,0.11920827710301402,0.36707152496626205,0.23121907332433603,0.132853403141361,0.338350785340314,0.160340314136126,0.180628272251309,0.18782722513089,0.7065446868402528,0.0823363828289937,0.531,0.026,0.028
13,3014,0.8075618031992242,0.120213281628696,0.0722249151720795,0.286960736791081,0.230731943771207,0.10254735467015,0.357282821685173,0.202482037883736,0.177008491182234,0.160679294578707,0.7121535181236669,0.0774697938877043,0.531,0.026,0.028
14,3015,0.6830466830466829,0.18058968058968106,0.136363636363636,0.444717444717445,0.27682227682227695,0.13355263157894698,0.26907894736842103,0.169078947368421,0.207236842105263,0.221052631578947,0.7003916449086159,0.08550913838120099,0.531,0.026,0.028
15,3016,0.7192825112107621,0.156053811659193,0.124663677130045,0.37219730941704,0.203139013452915,0.15425888665325302,0.412474849094567,0.15425888665325302,0.149564050972502,0.129443326626425,0.741841914430747,0.0652646845540246,0.531,0.026,0.028
16,3017,0.7527289985761749,0.15424774560987198,0.0930232558139535,0.348362600854295,0.267679164689131,0.0973574408901252,0.357440890125174,0.17663421418637,0.204450625869263,0.164116828929068,0.7116736990154708,0.0857946554149086,0.531,0.026,0.028
17,3018,0.700507614213198,0.16835871404399302,0.13113367174280902,0.42301184433164096,0.255499153976311,0.0963773069036227,0.38961038961039,0.196172248803828,0.16814764183185196,0.14969241285030802,0.659786476868327,0.11672597864768698,0.531,0.026,0.028
18,3019,0.73164918970448,0.162059103908484,0.10629170638703501,0.39084842707340295,0.30838894184938,0.0955459770114942,0.339798850574713,0.179597701149425,0.19971264367816102,0.18534482758620702,0.666919575113809,0.0925644916540212,0.531,0.026,0.028
19,3020,0.71828595672465,0.17479847263470497,0.10691557064064501,0.376325837929571,0.21977089520576998,0.129688493324857,0.425301970756516,0.17101080737444402,0.14431023521932598,0.129688493324857,0.7356544165054799,0.0631850419084462,0.531,0.026,0.028
20,3021,0.761988561372635,0.153101627804663,0.0849098108227013,0.345798504179498,0.289485261768588,0.0659547738693467,0.29773869346733695,0.164572864321608,0.21105527638191,0.26067839195979897,0.691390728476821,0.0814569536423841,0.531,0.026,0.028
21,3022,0.613669590643275,0.235380116959064,0.150950292397661,0.475146198830409,0.265350877192982,0.131510416666667,0.3626302083333329,0.19921875,0.1796875,0.126953125,0.7009947337624339,0.07489760093622,0.531,0.026,0.028
22,3023,0.658901251738526,0.159944367176634,0.18115438108484,0.532684283727399,0.33936022253129305,0.0743745774171738,0.31981068289384695,0.25152129817444197,0.22515212981744398,0.129141311697093,0.4968421052631579,0.216140350877193,0.531,0.026,0.028
23,4001,0.664866949479368,0.19861164674122603,0.136521403779406,0.46895487851909007,0.333976089471654,0.115782664941785,0.293014230271669,0.122897800776197,0.17141009055627401,0.296895213454075,0.625240230621397,0.111467008327995,0.53,0.025,0.029
24,4002,0.68052696582956,0.17249897076986404,0.14697406340057598,0.437628653766982,0.33347056401811404,0.0850498338870432,0.25315614617940196,0.158139534883721,0.18936877076412,0.314285714285714,0.691007845503923,0.0832830416415208,0.53,0.025,0.029
25,4003,0.746744499326448,0.149528513695555,0.103726986977997,0.386618769645263,0.33228558599012104,0.0922459893048128,0.228609625668449,0.141042780748663,0.19652406417112303,0.34157754010695196,0.627046263345196,0.114590747330961,0.53,0.025,0.029
26,4004,0.710313901345292,0.16771300448430498,0.121973094170404,0.433183856502242,0.302690582959641,0.0650519031141868,0.25397923875432504,0.143944636678201,0.202076124567474,0.334948096885813,0.6680412371134019,0.0900343642611684,0.53,0.025,0.029
27,4005,0.762376237623762,0.12673267326732698,0.11089108910891099,0.368811881188119,0.290594059405941,0.0796841349605169,0.20818377602297197,0.157214644651831,0.164393395549174,0.390524048815506,0.578350515463918,0.13402061855670097,0.53,0.025,0.029
28,4006,0.688114754098361,0.175,0.136885245901639,0.422540983606557,0.3,0.0923379174852652,0.270464963981663,0.14669286182056301,0.142108709888671,0.348395546823838,0.666446062210457,0.0986101919258769,0.53,0.025,0.029
29,4007,0.8072866730584849,0.121284755512943,0.0714285714285714,0.293863854266539,0.338446788111218,0.0710900473933649,0.22477995937711603,0.16316858496953301,0.21868652674339897,0.322274881516588,0.592885375494071,0.126482213438735,0.53,0.025,0.029
30,4008,0.785013380909902,0.128902765388046,0.0860838537020517,0.36306868867083,0.307314897413024,0.11673151750972802,0.260700389105058,0.16018158236057098,0.194552529182879,0.267833981841764,0.5904836193447739,0.127145085803432,0.53,0.025,0.029
31,4009,0.834858188472095,0.102470265324794,0.0626715462031107,0.293229643183898,0.382433668801464,0.0764705882352941,0.188888888888889,0.19542483660130702,0.24509803921568601,0.294117647058824,0.527363184079602,0.17993366500829197,0.53,0.025,0.029
32,4010,0.8077488965179008,0.11574301128003901,0.0765080922020598,0.327121137812653,0.330063756743502,0.0846153846153846,0.231468531468531,0.18741258741258698,0.239160839160839,0.257342657342657,0.60983606557377,0.13852459016393398,0.53,0.025,0.029
33,4011,0.851521511017838,0.0891920251836306,0.059286463798530996,0.23976915005246602,0.286988457502623,0.0884167237834133,0.227553118574366,0.164496230294722,0.24263193968471602,0.276901987662783,0.670957361222848,0.0989541432019308,0.53,0.025,0.029
34,4012,0.804490177736202,0.12581852198316198,0.0696913002806361,0.309167446211412,0.271281571562208,0.0909090909090909,0.30818826563507395,0.188910380399742,0.19342359767891698,0.21856866537717604,0.675108538350217,0.0911722141823444,0.53,0.025,0.029
35,4013,0.7070091423595992,0.171092729647366,0.121898127993034,0.393992163691772,0.2542446669569,0.150436534586971,0.24110141034251198,0.113498992612492,0.199462726662189,0.295500335795836,0.658496732026144,0.0964052287581699,0.53,0.025,0.029
36,4014,0.843409316154609,0.0926660059464817,0.0639246778989098,0.27205153617443,0.34340931615460807,0.0832249674902471,0.23602080624187302,0.112483745123537,0.228218465539662,0.340052015604681,0.6332075471698111,0.10188679245283,0.53,0.025,0.029
37,4015,0.811787072243346,0.104087452471483,0.0841254752851711,0.320817490494297,0.367395437262357,0.08539026017344901,0.199466310873916,0.12408272181454301,0.23082054703135396,0.360240160106738,0.586750788643533,0.13091482649842298,0.53,0.025,0.029
38,4016,0.8219520915266361,0.0918841616017161,0.0861637468716482,0.40400429031104795,0.397568823739721,0.0872905027932961,0.116620111731844,0.278631284916201,0.389664804469274,0.127793296089385,0.22431865828092198,0.530398322851153,0.53,0.025,0.029
39,4017,0.763636363636364,0.105571847507331,0.130791788856305,0.442228739002932,0.347214076246334,0.126436781609195,0.220480668756531,0.262277951933124,0.251828631138976,0.138975966562173,0.39749608763693295,0.33959311424100197,0.53,0.025,0.029
40,4018,0.843490304709141,0.0886426592797784,0.0678670360110803,0.27331486611265,0.32871652816251196,0.11563307493540101,0.25064599483204103,0.175710594315245,0.23191214470284197,0.22609819121447,0.554054054054054,0.15625,0.53,0.025,0.029
41,4019,0.7323886639676109,0.16234817813765198,0.10526315789473699,0.393927125506073,0.277327935222672,0.120872274143302,0.315264797507788,0.164485981308411,0.193769470404984,0.20560747663551399,0.624,0.118545454545455,0.53,0.025,0.029
42,4020,0.8379942140790742,0.0906460945033751,0.0713596914175506,0.293153326904532,0.288331726133076,0.0761290322580645,0.289677419354839,0.180645161290323,0.207741935483871,0.24580645161290302,0.6693255982596079,0.105873821609862,0.53,0.025,0.029
43,4021,0.842129845866418,0.10555815039701101,0.0523120037365717,0.272302662307333,0.317141522652966,0.0756302521008403,0.231415643180349,0.213316095669037,0.23076923076923103,0.24886877828054302,0.610526315789474,0.13909774436090197,0.53,0.025,0.029
44,4022,0.829816513761468,0.11284403669724799,0.0573394495412844,0.273394495412844,0.286238532110092,0.0776942355889724,0.296992481203008,0.18421052631578896,0.20112781954887196,0.23997493734335798,0.662162162162162,0.110953058321479,0.53,0.025,0.029
45,4023,0.84192439862543,0.0991654393716249,0.0589101620029455,0.29111438389788896,0.30387825233186105,0.0797626895187871,0.27686222808174,0.191825972313777,0.195121951219512,0.256427158866183,0.655538694992413,0.104704097116844,0.53,0.025,0.029
46,4024,0.838953195772521,0.11524911927528901,0.0457976849521892,0.26975339708102697,0.28384499245093103,0.067854694996573,0.28444139821795805,0.197395476353667,0.228238519533927,0.222069910897875,0.66385911179173,0.121745788667688,0.53,0.025,0.029
47,4025,0.825,0.12311320754716999,0.0518867924528302,0.28632075471698104,0.32311320754717,0.0718954248366013,0.248366013071895,0.17516339869281,0.21830065359477102,0.286274509803922,0.637853949329359,0.126676602086438,0.53,0.025,0.029
48,4026,0.836233824185631,0.114680946006247,0.0490852298081214,0.28424810352521196,0.328871039714413,0.0663297536323436,0.207201516108654,0.23120656980416898,0.23815540113708203,0.257106759317751,0.587962962962963,0.15432098765432098,0.53,0.025,0.029
49,4027,0.793516873889876,0.131438721136767,0.07504440497335699,0.31571936056838396,0.29174067495559497,0.0911441499676794,0.27278603749192004,0.19715578539107997,0.20620555914673605,0.23270846800258602,0.658280922431866,0.12438853948287901,0.53,0.025,0.029
50,4028,0.7956541840036991,0.11511789181692099,0.0892279241793805,0.30189551548774796,0.269995376791493,0.10749834107498299,0.272063702720637,0.18447246184472502,0.20570670205706698,0.230258792302588,0.6312236286919829,0.134177215189873,0.53,0.025,0.029
51,4029,0.831712062256809,0.117704280155642,0.0505836575875486,0.283560311284047,0.272859922178988,0.0959629384513567,0.273990734612839,0.170747849106552,0.202514890800794,0.256783587028458,0.684598378776713,0.112011790714812,0.53,0.025,0.029
52,4030,0.7928229665071771,0.127751196172249,0.0794258373205742,0.317703349282297,0.262679425837321,0.081151832460733,0.34293193717277504,0.146596858638743,0.18390052356020897,0.24541884816753898,0.707566462167689,0.0695296523517382,0.53,0.025,0.029
53,10001,0.787300177619894,0.12433392539964501,0.0883658969804618,0.346358792184725,0.43827708703374796,0.0989085948158254,0.168485675306958,0.155525238744884,0.321964529331514,0.25511596180081897,0.430769230769231,0.202714932126697,0.551,0.047,0.067
54,10002,0.80099054479964,0.10760918505177801,0.0914002701485817,0.354344889689329,0.45925258892390797,0.0872576177285319,0.15858725761772902,0.157894736842105,0.268005540166205,0.32825484764542895,0.44190301921317493,0.21774931381518803,0.551,0.047,0.067
55,10003,0.8330125120307991,0.0923965351299326,0.0745909528392685,0.31713185755534196,0.476419634263715,0.14515003489183498,0.11584089323098401,0.12002791346824801,0.344731332868109,0.274249825540823,0.39176346356916597,0.21013727560718104,0.551,0.047,0.067
56,10004,0.662768031189084,0.15477582846003898,0.18245614035087698,0.5192982456140349,0.4448343079922029,0.0879765395894428,0.15395894428152498,0.110703812316716,0.22434017595307898,0.42302052785923794,0.48065015479876205,0.21130030959752302,0.551,0.047,0.067
57,10005,0.759533423059668,0.126514131897712,0.11395244504262,0.385823239120682,0.399730820995962,0.0967961826857532,0.178595773687798,0.111111111111111,0.26039536468984303,0.35310156782549396,0.5284683239775461,0.149959903769046,0.551,0.047,0.067
58,10006,0.655149720302731,0.147416913458374,0.197433366238894,0.582757486015136,0.39387956564659404,0.111705685618729,0.262207357859532,0.156521739130435,0.22809364548495,0.24147157190635501,0.4240727781665499,0.27291812456263104,0.551,0.047,0.067
59,10007,0.761304347826087,0.110869565217391,0.12782608695652198,0.38043478260869606,0.433913043478261,0.0848733744010951,0.204654346338125,0.148528405201916,0.262833675564682,0.299110198494182,0.49795249795249796,0.19000819000819003,0.551,0.047,0.067
60,10008,0.752229930624381,0.133300297324083,0.114469772051536,0.42467789890981206,0.406342913776016,0.0775862068965517,0.202978056426332,0.140282131661442,0.23197492163009398,0.34717868338558006,0.532258064516129,0.161290322580645,0.551,0.047,0.067
61,10009,0.8195144296839209,0.10215300045808502,0.0783325698579936,0.308749427393495,0.42235455794777793,0.105013550135501,0.13753387533875303,0.128048780487805,0.267615176151762,0.36178861788617894,0.46642468239564394,0.196914700544465,0.551,0.047,0.067
62,10010,0.7285822592873391,0.115996967399545,0.155420773313116,0.429492039423806,0.39916603487490504,0.0795601552393273,0.17593790426908198,0.192108667529107,0.291720569210867,0.260672703751617,0.501889644746788,0.21995464852607702,0.551,0.047,0.067
63,10011,0.664670658682635,0.145209580838323,0.190119760479042,0.504116766467066,0.42776946107784397,0.0871621621621622,0.214189189189189,0.133108108108108,0.22432432432432398,0.341216216216216,0.49081920903954795,0.190677966101695,0.551,0.047,0.067
64,10012,0.7421216156236129,0.131380381713271,0.12649800266311598,0.36928539724811404,0.379050155348424,0.096100278551532,0.24094707520891398,0.16016713091922,0.251392757660167,0.251392757660167,0.549920760697306,0.155309033280507,0.551,0.047,0.067
65,10013,0.804479701353243,0.10545963602426499,0.0900606626224918,0.316845543630425,0.43350443303779707,0.0945406125166445,0.17976031957390098,0.13249001331557902,0.251664447403462,0.341544607190413,0.48956521739130393,0.152173913043478,0.551,0.047,0.067
66,10014,0.8227848101265821,0.0875949367088608,0.08962025316455699,0.320506329113924,0.43645569620253205,0.0591549295774648,0.154225352112676,0.147887323943662,0.24436619718309902,0.394366197183099,0.500954198473282,0.149809160305344,0.551,0.047,0.067
67,10015,0.590392729633236,0.190197987666342,0.219409282700422,0.561506004543979,0.407659850697825,0.10412573673870301,0.175507531106745,0.140798952193844,0.24688932547478698,0.33267845448592,0.5707762557077629,0.15296803652968,0.551,0.047,0.067
68,10016,0.698810535259133,0.125743415463042,0.17544604927782503,0.48130841121495294,0.46304163126593,0.0779783393501805,0.14801444043321302,0.116245487364621,0.227436823104693,0.43032490974729204,0.47619047619047605,0.16825396825396802,0.551,0.047,0.067
69,10017,0.712328767123288,0.142979452054794,0.144691780821918,0.41780821917808203,0.393407534246575,0.07298772169167798,0.20873124147339703,0.167803547066849,0.22919508867667102,0.32128240109140505,0.571636363636364,0.13309090909090898,0.551,0.047,0.067
70,10018,0.574161073825503,0.22416107382550302,0.20167785234899302,0.6040268456375839,0.444295302013423,0.0663956639566396,0.15514905149051503,0.138888888888889,0.230352303523035,0.4092140921409211,0.512720156555773,0.143509458577952,0.551,0.047,0.067
71,10019,0.6032458563535911,0.218922651933702,0.17783149171270698,0.550414364640884,0.4440607734806629,0.0882749326145552,0.17991913746630703,0.15835579514824802,0.247304582210243,0.326145552560647,0.535450516986706,0.162481536189069,0.551,0.047,0.067
72,10020,0.8172521120498,0.0840373499333037,0.0987105380168964,0.31702979101823,0.379724321920854,0.0796398891966759,0.153739612188366,0.21952908587257602,0.28185595567867,0.265235457063712,0.485217391304348,0.23652173913043498,0.551,0.047,0.067
73,10021,0.613807245386193,0.138072453861928,0.24812030075188,0.577922077922078,0.328434723171565,0.0923984272608126,0.18610747051114002,0.12385321100917401,0.22280471821756198,0.37483617300131106,0.631912442396313,0.145161290322581,0.551,0.047,0.067
74,11001,0.669129457115323,0.09508512688724699,0.23578541599742997,0.62961773209123,0.427240603919049,0.158827539195637,0.13292433537832302,0.178595773687798,0.32651670074983,0.20313565098841196,0.322259136212625,0.37043189368770796,0.525,0.052000000000000005,0.08
75,11002,0.5440391459074729,0.159475088967972,0.296485765124555,0.77491103202847,0.370106761565836,0.21860149355057698,0.20638153428377498,0.23828920570264803,0.23896809232858102,0.0977596741344196,0.244142101284958,0.515495086923658,0.525,0.052000000000000005,0.08
76,11003,0.601626016260163,0.132895559724828,0.26547842401500893,0.67104440275172,0.42432770481550997,0.10564784053156098,0.182059800664452,0.124916943521595,0.22923588039867104,0.358139534883721,0.46444586803331206,0.21844971172325398,0.525,0.052000000000000005,0.08
77,11004,0.639568116862496,0.12797713559860302,0.232454747538901,0.582089552238806,0.40234995236583004,0.126436781609195,0.16538952745849303,0.137292464878672,0.300766283524904,0.270114942528736,0.463863337713535,0.23521681997371902,0.525,0.052000000000000005,0.08
78,11005,0.693910256410256,0.11338141025640999,0.192708333333333,0.4851762820512821,0.401442307692308,0.0902964959568733,0.16644204851751998,0.11455525606469,0.25,0.378706199460916,0.538956397426733,0.14438884917798403,0.525,0.052000000000000005,0.08
79,11006,0.5284241531664211,0.238880706921944,0.23269513991163499,0.6297496318114879,0.359351988217968,0.0829367777022434,0.166553365057784,0.130523453433039,0.261726716519375,0.35825968728755897,0.645355191256831,0.15081967213114802,0.525,0.052000000000000005,0.08
80,11007,0.682539682539683,0.141774891774892,0.175685425685426,0.517316017316017,0.432178932178932,0.0902679830747532,0.11988716502115701,0.160084626234133,0.28984485190409,0.339915373765867,0.41200000000000003,0.2696,0.525,0.052000000000000005,0.08
81,11008,0.606187000347584,0.22592978797358398,0.167883211678832,0.5470976711852621,0.42996176572818895,0.0941011235955056,0.132022471910112,0.12219101123595501,0.27808988764044895,0.373595505617978,0.49023569023569,0.191919191919192,0.525,0.052000000000000005,0.08
82,11009,0.696104897801774,0.12649440802159698,0.177400694176629,0.5125337446972621,0.42267643655996895,0.10326086956521699,0.20923913043478304,0.148777173913044,0.228940217391304,0.30978260869565194,0.448885472713298,0.200614911606457,0.525,0.052000000000000005,0.08
83,11010,0.6495756718529,0.145332390381895,0.20509193776520498,0.547736916548798,0.38401697312588395,0.11046133853151402,0.185185185185185,0.0974658869395711,0.28784925276153306,0.31903833658219605,0.549520766773163,0.164217252396166,0.525,0.052000000000000005,0.08
84,11011,0.639954853273138,0.176448457486832,0.18359668924003,0.5278404815650871,0.386004514672686,0.11857436600411199,0.24057573680603198,0.135023989033585,0.21521590130226198,0.29061000685401,0.567275185936444,0.150101419878296,0.525,0.052000000000000005,0.08
85,11012,0.6344523567310949,0.143099355713801,0.222448287555103,0.5754493048491011,0.37300779925398403,0.11288180610889802,0.229083665338645,0.116201859229748,0.217795484727756,0.324037184594954,0.48937628512679904,0.22001370801919104,0.525,0.052000000000000005,0.08
86,11013,0.584133760227677,0.223408039843472,0.19245819992885102,0.540021344717182,0.313767342582711,0.13762711864406799,0.30101694915254196,0.125423728813559,0.188474576271186,0.24745762711864397,0.613520408163265,0.110969387755102,0.525,0.052000000000000005,0.08
87,11014,0.800188501413761,0.11875589066917999,0.0810556079170594,0.320452403393025,0.36946277097078206,0.075,0.200675675675676,0.14797297297297302,0.24932432432432397,0.32702702702702696,0.606870229007634,0.126717557251908,0.525,0.052000000000000005,0.08
88,11015,0.7122302158273379,0.168006771053745,0.11976301311891699,0.43461701227253496,0.336859923825645,0.0891677675033025,0.230515191545575,0.14861294583883802,0.228533685601057,0.303170409511229,0.634746922024624,0.10465116279069801,0.525,0.052000000000000005,0.08
89,11016,0.586460348162476,0.243326885880077,0.170212765957447,0.53036750483559,0.324177949709865,0.12336719883889699,0.24600870827285898,0.16473149492017403,0.21625544267053698,0.24963715529753303,0.6579268292682929,0.0975609756097561,0.525,0.052000000000000005,0.08
90,11017,0.635204081632653,0.23432944606414002,0.130466472303207,0.5244169096209911,0.33819241982507303,0.0661157024793388,0.260330578512397,0.17286501377410501,0.24449035812672198,0.25619834710743805,0.5823827629911279,0.16539923954372598,0.525,0.052000000000000005,0.08
91,11018,0.56591048436542,0.198344573881055,0.23574494175352498,0.622011036174126,0.38105456774984703,0.110805230557467,0.224363386097729,0.13833448038541,0.22092222986923601,0.305574673090158,0.518299881936246,0.201889020070838,0.525,0.052000000000000005,0.08
92,11019,0.577396373056995,0.23089378238342,0.191709844559585,0.568652849740933,0.375971502590674,0.10596026490066199,0.292715231788079,0.18145695364238396,0.195364238410596,0.224503311258278,0.566998244587478,0.15974253949678197,0.525,0.052000000000000005,0.08
93,11020,0.6179093828041379,0.206921155904388,0.175169461291473,0.544773457010346,0.377452729218694,0.10347085789129,0.265225933202358,0.11132940406024901,0.20890635232482002,0.311067452521284,0.5786407766990289,0.127508090614887,0.525,0.052000000000000005,0.08
94,11021,0.4919244456611,0.23569668765398302,0.272378866684916,0.682726526142896,0.37530796605529704,0.149110807113543,0.274965800273598,0.132694938440492,0.20998632010943902,0.23324213406292799,0.510011123470523,0.188542825361513,0.525,0.052000000000000005,0.08
95,11022,0.51672757942086,0.26904694967669396,0.21422547090244604,0.644925499016025,0.347764970480742,0.131396083385976,0.301326595072647,0.144030322173089,0.18003790271636103,0.243209096651927,0.5714285714285711,0.135684399282726,0.525,0.052000000000000005,0.08
96,11023,0.7829099307159351,0.129792147806005,0.08729792147806,0.335334872979215,0.4341801385681289,0.0527027027027027,0.11891891891891901,0.133108108108108,0.250675675675676,0.444594594594595,0.5144987572493789,0.128417564208782,0.525,0.052000000000000005,0.08
97,11024,0.7121281464530891,0.13775743707093802,0.150114416475973,0.443935926773455,0.37620137299771206,0.0544939844302902,0.16914366595895303,0.13588110403397,0.21726822363764997,0.42321302193913707,0.56304520222046,0.0959555908009516,0.525,0.052000000000000005,0.08
98,11025,0.59696298639671,0.17621006010756102,0.22682695349572896,0.497310977538754,0.239481176842771,0.338785046728972,0.24299065420560698,0.0794392523364486,0.115070093457944,0.22371495327102803,0.426315789473684,0.19078947368421104,0.525,0.052000000000000005,0.08
99,12001,0.788486140724947,0.0916844349680171,0.11982942430703598,0.43539445628997897,0.4021321961620471,0.107554417413572,0.188220230473752,0.14148527528809196,0.35083226632522396,0.21190781049936,0.507618283881315,0.17722534081796298,0.507,0.028,0.039
100,12002,0.7878017789072429,0.143159678102499,0.0690385429902584,0.34603981363828895,0.454044896230411,0.106840390879479,0.136807817589577,0.158306188925081,0.296416938110749,0.301628664495114,0.429982046678636,0.20736086175942603,0.507,0.028,0.039
101,12003,0.616430431009546,0.126410182238936,0.257159386751519,0.671391379809083,0.36389933468325103,0.187902187902188,0.17310167310167301,0.118404118404118,0.324324324324324,0.19626769626769602,0.412268188302425,0.297432239657632,0.507,0.028,0.039
102,12004,0.78390522875817,0.0984477124183006,0.11764705882352902,0.44566993464052296,0.42769607843137303,0.11611219830397901,0.16373124592302699,0.14285714285714302,0.296803652968036,0.280495759947815,0.43622448979591794,0.22789115646258498,0.507,0.028,0.039
103,12005,0.805735056542811,0.0912762520193861,0.10298869143780301,0.40468497576736706,0.43497576736672,0.12037037037037,0.216269841269841,0.21759259259259303,0.25330687830687804,0.19246031746031697,0.260259179265659,0.354211663066955,0.507,0.028,0.039
104,12006,0.7466784765279009,0.108060230292294,0.145261293179805,0.4211691762621789,0.326395039858282,0.0950797872340426,0.0904255319148936,0.0691489361702128,0.154255319148936,0.591090425531915,0.457067371202114,0.19286657859973602,0.507,0.028,0.039
105,12007,0.783824263604593,0.0868696954568148,0.129306040938592,0.341487768347479,0.359960059910135,0.24088145896656502,0.16109422492401199,0.14817629179331301,0.22492401215805502,0.22492401215805502,0.37974683544303794,0.24050632911392397,0.507,0.028,0.039
106,12008,0.762628739578225,0.135360470819029,0.102010789602746,0.3339872486513,0.381069151544875,0.11957349581111999,0.16603198781416598,0.161462300076161,0.257425742574257,0.295506473724296,0.518774703557312,0.16798418972332002,0.507,0.028,0.039
107,12009,0.6902398676592221,0.22456575682382104,0.0851943755169562,0.400330851943755,0.36393713813068607,0.116294793779581,0.247464503042596,0.132521974306964,0.247464503042596,0.256254225828262,0.567127746135069,0.128559804719284,0.507,0.028,0.039
108,12010,0.6703125,0.147265625,0.182421875,0.45390625,0.38046875,0.0871898054996646,0.17840375586854504,0.140174379610999,0.218645204560698,0.375586854460094,0.596527777777778,0.12986111111111098,0.507,0.028,0.039
109,12011,0.710232158211522,0.134995700773861,0.154772141014617,0.48753224419604496,0.38779019776440204,0.0791925465838509,0.402173913043478,0.267080745341615,0.166149068322981,0.0854037267080745,0.299785867237687,0.325481798715203,0.507,0.028,0.039
110,12012,0.7269102990033219,0.144186046511628,0.12890365448505,0.570764119601329,0.38073089700996704,0.0768229166666667,0.28255208333333304,0.28385416666666696,0.23046875,0.126302083333333,0.39262820512820507,0.33653846153846195,0.507,0.028,0.039
111,12013,0.6513975155279499,0.203416149068323,0.145186335403727,0.4968944099378879,0.28454968944099396,0.14218645204560698,0.31589537223340003,0.122736418511066,0.20523138832998,0.21395036887994603,0.6766729205753601,0.113821138211382,0.507,0.028,0.039
112,12014,0.47066090179122905,0.21278567016677,0.31655342804200104,0.5948116121062379,0.16121062384187804,0.32898550724637704,0.273188405797101,0.0876811594202898,0.123188405797101,0.18695652173913002,0.564945226917058,0.15805946791862302,0.507,0.028,0.039
113,12015,0.8129353233830849,0.11940298507462699,0.0676616915422886,0.287064676616915,0.28308457711442797,0.07615894039735101,0.272185430463576,0.162251655629139,0.213907284768212,0.275496688741722,0.7156931738212529,0.071780436312456,0.507,0.028,0.039
114,12016,0.716616573636754,0.15929583512237,0.124087591240876,0.444396736796909,0.279519106912838,0.11239782016348801,0.37874659400545,0.17915531335149898,0.186648501362398,0.143051771117166,0.6066282420749279,0.12752161383285301,0.507,0.028,0.039
115,12017,0.779482262703739,0.120805369127517,0.099712368168744,0.32118887823585807,0.4002876318312561,0.0788352272727273,0.1484375,0.150568181818182,0.234375,0.387784090909091,0.5544899738448129,0.140366172624237,0.507,0.028,0.039
116,12018,0.863190500774393,0.0898296334537945,0.0469798657718121,0.24987093443469302,0.3164687661331961,0.0980926430517711,0.17574931880109002,0.172343324250681,0.189373297002725,0.364441416893733,0.6072796934865899,0.138888888888889,0.507,0.028,0.039
117,12019,0.813212927756654,0.126901140684411,0.0598859315589354,0.30560836501901095,0.321768060836502,0.0746860541969597,0.252478519497687,0.197620621282221,0.185723727693325,0.289491077329808,0.646751306945482,0.110530246452577,0.507,0.028,0.039
118,12020,0.8275543226999541,0.11696717521960198,0.0554785020804438,0.29172445677299996,0.34442903374942196,0.0890454836643178,0.17809096732863602,0.15695067264573997,0.233824471492633,0.342088404868674,0.624907338769459,0.124536693847294,0.507,0.028,0.039
119,12021,0.8168293816829381,0.11157601115760099,0.0715946071594607,0.30032543003254303,0.332868433286843,0.0671591672263264,0.21356615177971802,0.192746809939557,0.23371390194761604,0.29281396910678303,0.6174603174603179,0.15,0.507,0.028,0.039
120,12022,0.825525812619503,0.11089866156787799,0.0635755258126195,0.29588910133843205,0.269598470363289,0.132381570408825,0.266060999351071,0.160934458144062,0.18105126541207,0.259571706683971,0.658920539730135,0.0997001499250375,0.507,0.028,0.039
121,12023,0.748876909254268,0.16127583108715196,0.0898472596585804,0.34950584007187796,0.265049415992812,0.113545816733068,0.270252324037185,0.19654714475431603,0.21049136786188602,0.20916334661354602,0.684568835098336,0.0922844175491679,0.507,0.028,0.039
122,12024,0.806650831353919,0.127315914489311,0.0660332541567696,0.307838479809976,0.318764845605701,0.0905377808032675,0.257317903335602,0.183798502382573,0.257998638529612,0.210347174948945,0.6219512195121949,0.128048780487805,0.507,0.028,0.039
123,12025,0.8520599250936329,0.0903558052434457,0.0575842696629214,0.24438202247191002,0.34129213483146104,0.08268733850129201,0.21834625322997397,0.161498708010336,0.233204134366925,0.304263565891473,0.61603700848111,0.141865844255975,0.507,0.028,0.039
124,12026,0.7754923413566741,0.142669584245077,0.0818380743982495,0.328665207877462,0.339606126914661,0.0689428759028234,0.22521339461589002,0.19697964543663798,0.22652659225213398,0.28233749179251505,0.6424028268551241,0.12791519434628998,0.507,0.028,0.039
125,12027,0.79848628192999,0.12298959318826899,0.0785241248817408,0.33112582781457,0.322611163670766,0.0814332247557003,0.24690553745928304,0.154397394136808,0.21498371335504898,0.30228013029316,0.648134601316752,0.0899780541331382,0.507,0.028,0.039
126,12028,0.796287913082843,0.136713444997737,0.0669986419194206,0.322770484382073,0.331371661385242,0.082109479305741,0.25433911882509996,0.19893190921228301,0.21562082777036,0.24899866488651504,0.617274758004468,0.142963514519732,0.507,0.028,0.039
127,12029,0.784677015523285,0.125688532799199,0.0896344516775163,0.326489734601903,0.314972458688032,0.09287709497206699,0.259078212290503,0.150139664804469,0.183659217877095,0.314245810055866,0.662870159453303,0.082004555808656,0.507,0.028,0.039
128,12030,0.8060941828254851,0.106371191135734,0.0875346260387812,0.37340720221606605,0.33351800554016603,0.0960912052117264,0.19381107491856697,0.196254071661238,0.270358306188925,0.24348534201954397,0.572967678746327,0.17335945151812,0.507,0.028,0.039
129,12031,0.7419624217119001,0.11899791231732801,0.139039665970772,0.49352818371607504,0.37035490605428,0.0937921727395412,0.17004048582996,0.145748987854251,0.278677462887989,0.31174089068825894,0.524454477050414,0.17757712565839,0.507,0.028,0.039
130,24001,0.5376344086021501,0.38494623655914,0.0774193548387097,0.673924731182796,0.430913978494624,0.14866504854368898,0.18628640776699,0.143203883495146,0.291868932038835,0.22997572815533998,0.520061728395062,0.20293209876543203,0.542,0.045,0.07200000000000001
131,24002,0.806285178236398,0.151031894934334,0.0426829268292683,0.29502814258911797,0.46341463414634204,0.0839260312944524,0.132290184921764,0.16785206258890498,0.32574679943101,0.29018492176386895,0.40343781597573297,0.22649140546006102,0.542,0.045,0.07200000000000001
132,24003,0.798376762067492,0.127296027338744,0.0743272105937634,0.336181119179838,0.450662110209312,0.0790697674418605,0.166777408637874,0.19867109634551502,0.24983388704318898,0.305647840531561,0.418918918918919,0.235135135135135,0.542,0.045,0.07200000000000001
133,24004,0.796588486140725,0.11599147121535199,0.0874200426439232,0.362473347547974,0.44562899786780397,0.0849629130141605,0.15711395819285198,0.20971004720161798,0.284558327714093,0.263654753877276,0.403299725022915,0.241979835013749,0.542,0.045,0.07200000000000001
134,24005,0.8815789473684209,0.0666383701188455,0.0517826825127334,0.20925297113752103,0.474108658743633,0.0965299684542587,0.105362776025237,0.20315457413249202,0.320504731861199,0.274447949526814,0.34215686274509804,0.301960784313725,0.542,0.045,0.07200000000000001
135,24006,0.881396461023434,0.0659971305595409,0.0526064084170253,0.220946915351506,0.475370636059302,0.0868628858578607,0.10839913854989199,0.19741564967695602,0.38119167264895903,0.226130653266332,0.325231481481481,0.314814814814815,0.542,0.045,0.07200000000000001
136,24007,0.7509594882729208,0.14285714285714302,0.10618336886993598,0.40938166311300606,0.471215351812367,0.0912698412698413,0.138888888888889,0.130291005291005,0.24735449735449697,0.39219576719576704,0.4571428571428571,0.165714285714286,0.542,0.045,0.07200000000000001
137,24008,0.721500185666543,0.102116598588934,0.176383215744523,0.503898997400668,0.447827701448199,0.0859325270528326,0.133036282622533,0.13176320814767697,0.23615531508593302,0.41311266709102507,0.469190794357832,0.20267260579064603,0.542,0.045,0.07200000000000001
138,24009,0.727659574468085,0.121856866537718,0.150483558994197,0.46228239845261104,0.463056092843327,0.0804020100502513,0.117462311557789,0.0948492462311558,0.212939698492462,0.49434673366834203,0.44410876132930505,0.175981873111782,0.542,0.045,0.07200000000000001
139,24010,0.659443725743855,0.11642949547218598,0.224126778783959,0.516817593790427,0.423673997412678,0.0965473145780051,0.157928388746803,0.12531969309462898,0.287084398976982,0.333120204603581,0.4,0.26453900709219896,0.542,0.045,0.07200000000000001
140,24011,0.60491905354919,0.141967621419676,0.253113325031133,0.606164383561644,0.395392278953923,0.12225274725274698,0.15728021978022,0.12637362637362598,0.287087912087912,0.3070054945054939,0.47404627892432794,0.24390243902439002,0.542,0.045,0.07200000000000001
141,24012,0.550063694267516,0.139363057324841,0.310573248407643,0.6715923566878979,0.37299363057324797,0.13630319148936199,0.160904255319149,0.110372340425532,0.261303191489362,0.331117021276596,0.444253859348199,0.28473413379073803,0.542,0.045,0.07200000000000001
142,24013,0.6280038449215,0.142262095482217,0.229734059596283,0.588913809676386,0.39282281320089707,0.0886990801576872,0.14980289093298302,0.12089356110381098,0.24178712220762197,0.39881734559789794,0.460643394934976,0.23134839151266298,0.542,0.045,0.07200000000000001
143,24014,0.5661419497376421,0.152167909417288,0.28169014084507,0.64153548743441,0.44573322286661105,0.0976537729866836,0.130627774254914,0.11414077362079901,0.235256816740647,0.422320862396956,0.425644028103044,0.25,0.542,0.045,0.07200000000000001
144,24015,0.6871279761904762,0.11755952380952402,0.1953125,0.49813988095238104,0.4192708333333329,0.0845864661654135,0.110902255639098,0.0701754385964912,0.192982456140351,0.541353383458647,0.45153061224489793,0.18622448979591802,0.542,0.045,0.07200000000000001
145,24016,0.671967455621302,0.11353550295857999,0.21449704142011802,0.510724852071006,0.466715976331361,0.081777205408886,0.126851255634256,0.10302640051513198,0.230521571152608,0.45782356728911794,0.45337159253945497,0.16857962697273998,0.542,0.045,0.07200000000000001
146,24017,0.7468566638725899,0.11944677284157598,0.133696563285834,0.40653813914501297,0.45096395641240605,0.086264100862641,0.12740544127405398,0.103516921035169,0.27538155275381604,0.40743198407431996,0.46017699115044197,0.182622687047466,0.542,0.045,0.07200000000000001
147,24018,0.6882882882882879,0.108468468468468,0.20324324324324303,0.545945945945946,0.456936936936937,0.0911546252532073,0.131667792032411,0.136394328156651,0.242403781228899,0.398379473328832,0.372408293460925,0.254385964912281,0.542,0.045,0.07200000000000001
148,24019,0.7736401673640171,0.16736401673640197,0.0589958158995816,0.35020920502091996,0.45271966527196705,0.0736196319018405,0.128834355828221,0.19904567143830898,0.28629856850715696,0.312201772324472,0.46216955332725607,0.21695533272561499,0.542,0.045,0.07200000000000001
149,24020,0.8649425287356322,0.0795019157088123,0.0555555555555556,0.27203065134099597,0.47461685823754796,0.0878828229027963,0.14647137150466,0.16178428761651098,0.304926764314248,0.298934753661784,0.41188118811881197,0.21782178217821804,0.542,0.045,0.07200000000000001
150,24021,0.794741306191688,0.11662425784563199,0.0886344359626802,0.335029686174724,0.46395250212044103,0.077023498694517,0.18668407310704999,0.19255874673629197,0.306788511749347,0.23694516971279397,0.40220385674931103,0.22681359044995397,0.542,0.045,0.07200000000000001
151,24022,0.779510022271715,0.138975501113586,0.0815144766146993,0.355011135857461,0.461024498886414,0.08394895903290801,0.13364674278039,0.12424445936870401,0.282740094022834,0.375419744795165,0.46707105719237396,0.16117850953206198,0.542,0.045,0.07200000000000001
