,Gebietsnummer,Anteil Deutsche Bevölkerung 2017,Anteil Nichtdeutsche EU Bevölkerung 2017,Anteil Nichtdeutsche nicht EU Bevölkerung 2017,Anteil Migrationshintergrund Bevölkerung 2017,Anteil Verheiratete Bevölkerung 2017,Anteil 18 - 24 Jährige Wahlberechtigte 2017,Anteil 25 - 34 Jährige Wahlberechtigte 2017,Anteil 35 - 44 Jährige Wahlberechtigte 2017,Anteil 45 - 59 Jährige Wahlberechtigte 2017,Anteil 60 Jährige und ältere Wahlberechtigte 2017,Anteil Einpersonenhaushalte 2017,Anteil Haushalte mit Kind(ern) 2017,durchschnittliche Wohndauer 2017,SV-Beschäftigtendichte 2017,Arbeitslosendichte 2017,ALG II - Empfängerdichte 2017,Wahlbeteiligung 2017,Label
0,3001,0.834181078331638,0.10478128179043698,0.0610376398779247,0.276703967446592,0.27365208545269604,0.0747282608695652,0.30774456521739096,0.186820652173913,0.20040760869565197,0.230298913043478,0.67339312406577,0.0986547085201794,18.5717192268566,0.5810000000000001,0.025,0.024,0.841,2
1,3002,0.856585365853658,0.101951219512195,0.0414634146341463,0.27414634146341504,0.313658536585366,0.0690112806901128,0.255474452554745,0.20570670205706698,0.23954877239548802,0.230258792302588,0.648878576952823,0.130703789636504,18.768667642752604,0.5810000000000001,0.025,0.024,0.883,2
2,3003,0.753706360593018,0.154949784791966,0.0913438546150167,0.35820181731229106,0.231468197034912,0.0916784203102962,0.418899858956276,0.16995768688293397,0.174894217207334,0.144569816643159,0.6959459459459459,0.0953453453453454,13.3524904214559,0.5810000000000001,0.025,0.024,0.873,3
3,3004,0.78021465235651,0.139990667288847,0.079794680354643,0.322911805879608,0.24731684554363,0.0915075707702436,0.378538512179065,0.182356813693219,0.188281764318631,0.159315339038841,0.7080139372822299,0.0871080139372822,15.2567820392891,0.5810000000000001,0.025,0.024,0.8590000000000001,3
4,3005,0.762446657183499,0.134186818397345,0.103366524419156,0.354196301564723,0.267899478425794,0.1,0.34557823129251697,0.153741496598639,0.197278911564626,0.203401360544218,0.67953667953668,0.0872586872586872,16.2186907020873,0.5810000000000001,0.025,0.024,0.868,2
5,3006,0.7349290780141841,0.174645390070922,0.0904255319148936,0.38164893617021295,0.213209219858156,0.15394483643361098,0.36433611289288,0.15202052597819102,0.13277742142399,0.19692110327132797,0.7569750367107199,0.066079295154185,14.6231691078562,0.5810000000000001,0.025,0.024,0.8220000000000001,3
6,3007,0.8330097087378641,0.116990291262136,0.05,0.29077669902912606,0.30388349514563107,0.0631296171927468,0.280725319006044,0.185359301544661,0.21356615177971802,0.25721961047682995,0.640984908657665,0.12946783161239098,19.0966958211856,0.5810000000000001,0.025,0.024,0.8640000000000001,2
7,3008,0.8054607508532421,0.120429058995612,0.0741101901511458,0.30814236957581703,0.254022428083862,0.10770279481935902,0.320381731424676,0.18609406952965196,0.18677573278800302,0.19904567143830898,0.7133283693224121,0.10126582278480999,15.7710371819961,0.5810000000000001,0.025,0.024,0.838,3
8,3009,0.8167865707434051,0.125659472422062,0.0575539568345324,0.305515587529976,0.266666666666667,0.0902455209024552,0.337757133377571,0.16124751161247503,0.19708029197080298,0.213669542136695,0.7138749101365921,0.0992092020129403,17.3504560729717,0.5810000000000001,0.025,0.024,0.8640000000000001,2
9,3010,0.7497691597414591,0.15881809787627,0.0914127423822715,0.35180055401661997,0.245152354570637,0.10382513661202197,0.35655737704917995,0.146857923497268,0.19193989071038198,0.200819672131148,0.7227456258411841,0.0874831763122476,15.127197039777998,0.5810000000000001,0.025,0.024,0.851,3
10,3011,0.785747126436782,0.125977011494253,0.0882758620689655,0.321379310344828,0.27816091954023,0.115461181154612,0.29661579296615803,0.16854678168546802,0.197743861977439,0.22163238221632398,0.682528409090909,0.102982954545455,15.9386531365314,0.5810000000000001,0.025,0.024,0.8370000000000001,3
11,3012,0.763533997401472,0.13988739714162,0.0965786054569078,0.359029883066262,0.26461671719359,0.151674326986211,0.26526592252133896,0.16874589625738698,0.193040052527905,0.22127380170715696,0.6563517915309449,0.133550488599349,13.9286025250327,0.5810000000000001,0.025,0.024,0.878,3
12,3013,0.735900962861073,0.135259055479138,0.128839981659789,0.38697845025217803,0.227877120586887,0.123783031988873,0.337969401947149,0.171070931849791,0.175938803894298,0.19123783031988897,0.7073347857661579,0.09295570079883801,15.0091827364555,0.5810000000000001,0.025,0.024,0.8059999999999999,3
13,3014,0.800582241630277,0.121785540999515,0.0776322173702086,0.30761766132945195,0.248908296943231,0.10391363022941999,0.336032388663968,0.192982456140351,0.19838056680161897,0.168690958164642,0.7040590405904059,0.0915129151291513,13.813352826510698,0.5810000000000001,0.025,0.024,0.8470000000000001,3
14,3015,0.6298449612403101,0.160077519379845,0.210077519379845,0.504651162790698,0.297674418604651,0.103114186851211,0.279584775086505,0.15432525951557097,0.22560553633217997,0.237370242214533,0.6784586228679721,0.0947567909033481,14.010101010101,0.5810000000000001,0.025,0.024,0.8140000000000001,3
15,3016,0.7457142857142858,0.144285714285714,0.11,0.37428571428571394,0.218571428571429,0.16563146997929598,0.39544513457556896,0.159420289855072,0.153209109730849,0.126293995859213,0.7179080824088749,0.072107765451664,12.917540514776,0.5810000000000001,0.025,0.024,0.823,3
16,3017,0.761926605504587,0.13073394495412802,0.107339449541284,0.353669724770642,0.26559633027522894,0.0883152173913044,0.3532608695652171,0.19429347826086998,0.19701086956521696,0.167119565217391,0.6906866077498299,0.10129163834126399,14.1740927882407,0.5810000000000001,0.025,0.024,0.8520000000000001,3
17,3018,0.71875,0.152960526315789,0.128289473684211,0.42516447368421,0.272615131578947,0.0840998685939553,0.38042049934296995,0.19513797634691196,0.18988173455979002,0.15045992115637302,0.655826558265583,0.125338753387534,12.355290242898299,0.5810000000000001,0.025,0.024,0.8320000000000001,3
18,3019,0.734137622877569,0.163092046470063,0.10277033065236801,0.402591599642538,0.30920464700625605,0.0726408689748812,0.365241004752206,0.18397827562796998,0.19755600814664004,0.18058384249830303,0.640579710144928,0.10797101449275401,15.0724508050089,0.5810000000000001,0.025,0.024,0.8109999999999999,3
19,3020,0.716456795484151,0.169778549717759,0.113764654798089,0.393399913156752,0.20885801128962198,0.133993399339934,0.40330033003300303,0.176897689768977,0.16039603960395998,0.125412541254125,0.7276964047936079,0.0712383488681758,12.3553719008264,0.5810000000000001,0.025,0.024,0.8590000000000001,3
20,3021,0.752133105802048,0.148890784982935,0.0989761092150171,0.368174061433447,0.290102389078498,0.0559748427672956,0.29622641509434006,0.18238993710691798,0.20880503144654103,0.256603773584906,0.666666666666667,0.0952380952380952,18.155489107219104,0.5810000000000001,0.025,0.024,0.846,2
21,3022,0.5836603638958261,0.24366749910809804,0.172672136996076,0.513735283624688,0.247948626471638,0.114421123899797,0.345971563981043,0.195666892349357,0.21123899796885603,0.13270142180094802,0.720066518847007,0.0864745011086474,10.827968526466401,0.5810000000000001,0.025,0.024,0.812,3
22,3023,0.643939393939394,0.16567852437417702,0.19038208168642998,0.578063241106719,0.33596837944664004,0.0726439790575916,0.29908376963350797,0.214005235602094,0.27552356020942403,0.13874345549738198,0.512365250475587,0.19340519974635395,13.695322793148902,0.5810000000000001,0.025,0.024,0.804,3
23,4001,0.6922431865828089,0.168972746331237,0.138784067085954,0.451991614255765,0.309853249475891,0.0862771739130435,0.311141304347826,0.152173913043478,0.16915760869565197,0.28125,0.63568010936432,0.114149008885851,17.8274559193955,0.585,0.025,0.027000000000000003,0.8059999999999999,2
24,4002,0.6885911490052778,0.157937474624442,0.15347137637028,0.440925700365408,0.31790499390986604,0.0639841688654354,0.28496042216358797,0.16820580474934,0.184036939313984,0.298812664907652,0.689467312348668,0.0962469733656174,17.3770358306189,0.585,0.025,0.027000000000000003,0.795,2
25,4003,0.7204081632653059,0.152244897959184,0.12734693877550998,0.41918367346938795,0.337959183673469,0.0689655172413793,0.255427841634738,0.142401021711367,0.206896551724138,0.326309067688378,0.6253263707571801,0.12140992167101801,19.143617021276604,0.585,0.025,0.027000000000000003,0.8200000000000001,2
26,4004,0.687004754358162,0.175911251980983,0.137083993660856,0.467115689381933,0.316561014263074,0.052734375,0.27278645833333304,0.190104166666667,0.189453125,0.294921875,0.6435832274459979,0.11944091486658198,17.993259318001602,0.585,0.025,0.027000000000000003,0.778,2
27,4005,0.742786479802143,0.11953833470733699,0.13767518549051902,0.42621599340478206,0.316570486397362,0.0612648221343874,0.17588932806324098,0.17918313570487499,0.191699604743083,0.391963109354414,0.53584229390681,0.193548387096774,18.762180016515302,0.585,0.025,0.027000000000000003,0.7290000000000001,2
28,4006,0.656898656898657,0.17989417989418,0.163207163207163,0.463573463573464,0.311762311762312,0.0693681318681319,0.26854395604395603,0.147664835164835,0.164148351648352,0.350274725274725,0.6681672025723471,0.0913183279742765,18.213061224489802,0.585,0.025,0.027000000000000003,0.774,2
29,4007,0.8,0.10901098901098899,0.09098901098901101,0.32527472527472495,0.345934065934066,0.0741457124435848,0.23017408123791103,0.17537072856221803,0.21534493874919397,0.304964539007092,0.584512285927029,0.14594192107222598,19.7326863696515,0.585,0.025,0.027000000000000003,0.868,2
30,4008,0.7560867640548921,0.12793271359008399,0.115980522355024,0.398406374501992,0.31385568835768,0.0987821380243572,0.257104194857916,0.160351826792963,0.21650879566982395,0.267253044654939,0.606038291605302,0.12960235640648,19.4709791758972,0.585,0.025,0.027000000000000003,0.8170000000000001,2
31,4009,0.8239051094890509,0.112226277372263,0.0638686131386861,0.322080291970803,0.376824817518248,0.0792478173270652,0.18200134318334502,0.186702484889187,0.25520483546004,0.29684351914036305,0.55375909458367,0.183508488278092,20.393704379562,0.585,0.025,0.027000000000000003,0.8570000000000001,2
32,4010,0.8099808061420349,0.11420345489443401,0.0758157389635317,0.343090211132438,0.330134357005758,0.0828767123287671,0.236986301369863,0.16027397260273998,0.24657534246575302,0.273287671232877,0.596322941646683,0.13429256594724198,19.5288461538462,0.585,0.025,0.027000000000000003,0.8790000000000001,2
33,4011,0.853220696937698,0.0923970432946146,0.0543822597676874,0.257127771911299,0.307286166842661,0.0831600831600832,0.22661122661122698,0.153846153846154,0.252252252252252,0.284130284130284,0.6770583533173461,0.105515587529976,22.150185087255398,0.585,0.025,0.027000000000000003,0.838,1
34,4012,0.7988001845869871,0.12275034610060001,0.0784494693124135,0.319796954314721,0.271342870327642,0.0802348336594912,0.3235485975212,0.19569471624266102,0.18330071754729302,0.21722113502935397,0.6642599277978339,0.11913357400722001,16.2933826931976,0.585,0.025,0.027000000000000003,0.861,2
35,4013,0.7087888062964579,0.16047223436816802,0.13073895933537402,0.408832531700918,0.252732837778749,0.128726287262873,0.225609756097561,0.14159891598916,0.193766937669377,0.31029810298103006,0.648902821316614,0.0948275862068966,18.4214912280702,0.585,0.025,0.027000000000000003,0.777,2
36,4014,0.826913700633837,0.10287664553876198,0.0702096538274013,0.290589956118966,0.33008288639688,0.0843688685415304,0.23544800523217801,0.132766514061478,0.20536298234140002,0.34205362982341403,0.64100666173205,0.0984455958549223,23.8349609375,0.585,0.025,0.027000000000000003,0.7929999999999999,1
37,4015,0.7972782731112149,0.114500234631628,0.0882214922571563,0.346785546691694,0.381980290943219,0.078125,0.18070652173913002,0.158288043478261,0.222826086956522,0.36005434782608703,0.582879377431907,0.133852140077821,23.1344616831218,0.585,0.025,0.027000000000000003,0.8270000000000001,1
38,4016,0.8204277286135692,0.0907079646017699,0.0888643067846608,0.42072271386430704,0.399705014749262,0.131439894319683,0.10964332892998699,0.180977542932629,0.42338177014531003,0.15455746367239098,0.261477045908184,0.44710578842315396,18.961964549483,0.585,0.025,0.027000000000000003,0.861,2
39,4017,0.730666666666667,0.116148148148148,0.153185185185185,0.4826666666666671,0.327703703703704,0.11210494931425201,0.22242098986285,0.231961836612999,0.282051282051282,0.151460942158617,0.33676975945017196,0.40292096219931295,12.862377122430699,0.585,0.025,0.027000000000000003,0.8540000000000001,3
40,4018,0.8409813721035891,0.09722853248523401,0.0617900954111767,0.289413902771468,0.328032712403453,0.11594202898550698,0.263390044108381,0.16005040957782,0.229363579080025,0.23125393824826698,0.552006552006552,0.155610155610156,18.2176684881603,0.585,0.025,0.027000000000000003,0.855,2
41,4019,0.7138116963915391,0.162588137702198,0.123600165906263,0.425134798838656,0.28369970966404,0.122250970245796,0.288486416558862,0.178525226390686,0.188874514877102,0.22186287192755497,0.637130801687764,0.10478199718706001,16.3941787941788,0.585,0.025,0.027000000000000003,0.8390000000000001,2
42,4020,0.8363899613899609,0.0955598455598456,0.068050193050193,0.297297297297297,0.286196911196911,0.0734426229508197,0.291147540983607,0.17836065573770496,0.204590163934426,0.25245901639344304,0.674351585014409,0.112391930835735,18.139063254466397,0.585,0.025,0.027000000000000003,0.856,2
43,4021,0.836103416435826,0.10433979686057199,0.0595567867036011,0.27746999076639,0.32409972299169,0.0637191157347204,0.229518855656697,0.198959687906372,0.25942782834850503,0.24837451235370603,0.591666666666667,0.15227272727272698,18.8286374133949,0.585,0.025,0.027000000000000003,0.8759999999999999,2
44,4022,0.7910714285714279,0.13616071428571402,0.0727678571428572,0.328125,0.304910714285714,0.0759819703799098,0.264005151320026,0.200257566001288,0.208628461043142,0.251126851255634,0.644150417827298,0.115598885793872,17.3299107142857,0.585,0.025,0.027000000000000003,0.8540000000000001,2
45,4023,0.834542815674891,0.10498306724721801,0.0604741170778907,0.30478955007256897,0.313981615868408,0.0655518394648829,0.27826086956521695,0.204682274247492,0.191973244147157,0.259531772575251,0.6523378582202111,0.12971342383107098,17.4476744186047,0.585,0.025,0.027000000000000003,0.8490000000000001,2
46,4024,0.824586977648202,0.128765792031098,0.0466472303206997,0.290087463556851,0.28862973760933003,0.0594594594594595,0.29797297297297304,0.19864864864864898,0.21013513513513501,0.23378378378378398,0.663884673748103,0.11760242792109299,16.7535314174379,0.585,0.025,0.027000000000000003,0.8740000000000001,2
47,4025,0.821111630079402,0.12190565156468902,0.0569827183559085,0.309668379262027,0.32881830920130795,0.06996699669966999,0.224422442244224,0.19603960396039602,0.22310231023102303,0.28646864686468604,0.6379182156133829,0.13903345724907099,18.8844174075807,0.585,0.025,0.027000000000000003,0.8690000000000001,2
48,4026,0.8163804491413471,0.11756935270805802,0.0660501981505945,0.321003963011889,0.34698370761778996,0.0656050955414013,0.21783439490445897,0.20063694267515902,0.254777070063694,0.261146496815287,0.600297176820208,0.16047548291233302,18.7207763564182,0.585,0.025,0.027000000000000003,0.8620000000000001,2
49,4027,0.7847711267605629,0.129841549295775,0.08538732394366201,0.33714788732394396,0.305017605633803,0.0785997357992074,0.271466314398943,0.18824306472919397,0.228533685601057,0.23315719947159802,0.625,0.141335227272727,16.579179532421698,0.585,0.025,0.027000000000000003,0.865,2
50,4028,0.772457627118644,0.11737288135593198,0.110169491525424,0.340677966101695,0.257203389830508,0.105128205128205,0.28974358974359005,0.189102564102564,0.198076923076923,0.21794871794871803,0.624479600333056,0.154038301415487,15.674329501915699,0.585,0.025,0.027000000000000003,0.8620000000000001,3
51,4029,0.826275264677575,0.114051973051011,0.0596727622714148,0.30125120307988396,0.298845043310876,0.0751173708920188,0.269617706237425,0.17907444668008,0.21395036887994603,0.26224010731053,0.6566265060240961,0.115963855421687,18.2640963855422,0.585,0.025,0.027000000000000003,0.851,2
52,4030,0.7674203968620209,0.137978772496539,0.0946008306414398,0.345639132441163,0.261652053530226,0.0865006553079948,0.34141546526867605,0.166448230668414,0.176933158584535,0.22870249017038,0.6788674033149169,0.08218232044198899,16.746192893401002,0.585,0.025,0.027000000000000003,0.851,2
53,10001,0.7666517657577109,0.118909253464461,0.11443898077782699,0.37773804202056294,0.451497541350022,0.0823863636363636,0.17400568181818202,0.134232954545455,0.31036931818181795,0.29900568181818205,0.41992551210428297,0.21601489757914302,22.1332737030411,0.603,0.046,0.07,0.7909999999999999,1
54,10002,0.788911704312115,0.12689938398357303,0.0841889117043121,0.382340862422998,0.459137577002053,0.0758169934640523,0.16078431372548999,0.17450980392156898,0.271895424836601,0.316993464052288,0.43238731218697796,0.234557595993322,21.828677074774,0.603,0.046,0.07,0.8150000000000001,1
55,10003,0.8117010816125859,0.109144542772861,0.0791543756145526,0.341691248770895,0.501474926253687,0.0988455988455988,0.13852813852813903,0.106060606060606,0.32106782106782106,0.33549783549783596,0.42110552763819104,0.17587939698492497,25.0984736582964,0.603,0.046,0.07,0.856,1
56,10004,0.639530750088873,0.16246000710984698,0.19800924280128,0.566654816921436,0.405972271596161,0.08698727015558701,0.19660537482319698,0.11739745403111698,0.20862800565770898,0.39038189533239,0.4850174216027871,0.197909407665505,20.948772678762,0.603,0.046,0.07,0.736,1
57,10005,0.723253757736516,0.149425287356322,0.127320954907162,0.43854995579133504,0.40318302387267896,0.0777460770328103,0.20684736091298103,0.104850213980029,0.23751783166904397,0.37303851640513597,0.546021840873635,0.15288611544461803,23.2742149491376,0.603,0.046,0.07,0.755,1
58,10006,0.635843660629171,0.171591992373689,0.19256434699714,0.626310772163966,0.40419447092469,0.081799591002045,0.259032038173142,0.18609406952965196,0.231765507839127,0.241308793456033,0.4530423280423279,0.262566137566138,18.5147853736089,0.603,0.046,0.07,0.6779999999999999,2
59,10007,0.7462558836114681,0.12237911852802699,0.131364997860505,0.397518185708173,0.43132220795892207,0.0839064649243466,0.196698762035763,0.15199449793672598,0.25859697386520003,0.308803301237964,0.49799196787148603,0.175903614457831,23.203084832904896,0.603,0.046,0.07,0.7759999999999999,1
60,10008,0.6966383151073311,0.150263264479546,0.15309842041312302,0.478331308221952,0.35034426893479104,0.14746227709190698,0.23456790123456797,0.115912208504801,0.20850480109739397,0.293552812071331,0.541215653621982,0.16569525395503698,19.3476848090983,0.603,0.046,0.07,0.745,2
61,10009,0.8186889818688979,0.0934449093444909,0.0878661087866109,0.317061831706183,0.4211994421199439,0.105191256830601,0.13797814207650302,0.11953551912568301,0.27322404371584696,0.364071038251366,0.48369565217391297,0.17934782608695604,25.3939534883721,0.603,0.046,0.07,0.79,1
62,10010,0.7275848912628772,0.12056466997329301,0.151850438763831,0.43533002670736404,0.413582602060282,0.0856958762886598,0.166237113402062,0.157860824742268,0.306701030927835,0.28350515463917497,0.50834597875569,0.19878603945371803,19.5515267175573,0.603,0.046,0.07,0.816,2
63,10011,0.6454413892908829,0.15557163531114301,0.198986975397974,0.535817655571635,0.42040520984081,0.0885906040268456,0.220805369127517,0.150335570469799,0.21476510067114105,0.325503355704698,0.525083612040134,0.17391304347826098,18.814265025344,0.603,0.046,0.07,0.7959999999999999,2
64,10012,0.6970711297071129,0.164853556485356,0.138075313807531,0.42719665271966495,0.37740585774058605,0.0770847932725999,0.23686054660126102,0.162578836720392,0.25437981779957997,0.269096005606167,0.546181818181818,0.15563636363636402,18.391959798995,0.603,0.046,0.07,0.8079999999999999,2
65,10013,0.7802752293577979,0.113302752293578,0.10642201834862401,0.355045871559633,0.41880733944954107,0.0753663642707606,0.18143754361479397,0.14026517794835996,0.25261688764829004,0.350314026517795,0.5168350168350171,0.162457912457912,22.717041800643102,0.603,0.046,0.07,0.8290000000000001,1
66,10014,0.7900667779632721,0.11310517529215401,0.0968280467445743,0.3889816360601,0.432804674457429,0.0689873417721519,0.171518987341772,0.132911392405063,0.25569620253164604,0.370886075949367,0.46205733558178796,0.188870151770658,23.686872909699,0.603,0.046,0.07,0.784,1
67,10015,0.567244094488189,0.21574803149606303,0.217007874015748,0.615748031496063,0.405354330708661,0.0907840440165062,0.195323246217332,0.140990371389271,0.246905089408528,0.325997248968363,0.562675660483418,0.17650365373805502,19.2310116608888,0.603,0.046,0.07,0.685,2
68,10016,0.5967224795154971,0.12005700035625201,0.28322052012825105,0.567153544709654,0.41254007837549,0.0823863636363636,0.18607954545454503,0.0951704545454545,0.23153409090909102,0.40482954545454497,0.502645502645503,0.163265306122449,21.034962540135602,0.603,0.046,0.07,0.7559999999999999,1
69,10017,0.6708099438652769,0.18845228548516396,0.140737770649559,0.46752205292702503,0.38532477947072996,0.0770804911323329,0.20668485675307002,0.155525238744884,0.23806275579809,0.322646657571624,0.571525885558583,0.133514986376022,19.8242375601926,0.603,0.046,0.07,0.7829999999999999,2
70,10018,0.553913863564917,0.18044640050298602,0.265639735932097,0.646023263124804,0.40144608613643495,0.095396931287525,0.167444963308873,0.12208138759172801,0.23148765843895897,0.38358905937291493,0.513365735115431,0.14823815309842,17.6640428211587,0.603,0.046,0.07,0.716,2
71,10019,0.6935612082670911,0.146263910969793,0.160174880763116,0.485691573926868,0.386724960254372,0.0891156462585034,0.185714285714286,0.157142857142857,0.24285714285714302,0.325170068027211,0.5335740072202171,0.16173285198556,19.982895783611802,0.603,0.046,0.07,0.7390000000000001,2
72,10020,0.7704185290532299,0.0893945550589191,0.14018691588785,0.389678992279561,0.37626980902072293,0.0758807588075881,0.15785907859078602,0.19783197831978303,0.295392953929539,0.273035230352304,0.48045602605863197,0.23859934853420198,19.3733224888166,0.603,0.046,0.07,0.8340000000000001,2
73,10021,0.616621067031464,0.137482900136799,0.245896032831737,0.6084131326949379,0.337209302325581,0.0609171800136892,0.206707734428474,0.146475017111567,0.22997946611909603,0.355920602327173,0.616326530612245,0.161516034985423,22.1941780821918,0.603,0.046,0.07,0.5770000000000001,1
74,11001,0.6714143756210661,0.0963895329579331,0.23219609142099998,0.644253063928453,0.43027492547201096,0.17493297587131398,0.142091152815013,0.12600536193029502,0.340482573726542,0.21648793565683602,0.386100386100386,0.28494208494208506,21.134328358209,0.5720000000000001,0.046,0.073,0.6709999999999999,1
75,11002,0.5623822975517889,0.134416195856874,0.303201506591337,0.778719397363465,0.36228813559322,0.223640026863667,0.17864338482202802,0.201477501678979,0.28139691067830797,0.11484217595701801,0.27980014275517495,0.431120628122769,15.5481813887577,0.5720000000000001,0.046,0.073,0.643,3
76,11003,0.593109869646182,0.150837988826816,0.25605214152700195,0.7051520794537559,0.417752948479205,0.083448275862069,0.18896551724137897,0.144827586206897,0.228275862068966,0.35448275862069,0.484237074401009,0.21374527112232,21.9773362309842,0.5720000000000001,0.046,0.073,0.536,1
77,11004,0.659371690787151,0.11860218849276401,0.22202612072008499,0.596540769502294,0.4069890575361811,0.100071994240461,0.192944564434845,0.131749460043197,0.285097192224622,0.290136789056875,0.458608058608059,0.235897435897436,21.786016949152497,0.5720000000000001,0.046,0.073,0.657,1
78,11005,0.67077045274027,0.130659253375695,0.19857029388403502,0.53693407466243,0.39277204130262106,0.0566171266808209,0.186836518046709,0.111111111111111,0.257607926397735,0.38782731776362395,0.572524407252441,0.149232914923292,22.5278219395866,0.5720000000000001,0.046,0.073,0.643,1
79,11006,0.45175766641735204,0.29818000498628805,0.25006232859635996,0.700573423086512,0.368735976065819,0.0831556503198294,0.15920398009950198,0.131485429992893,0.270078180525942,0.356076759061834,0.62757527733756,0.17168515583729502,16.5096081856751,0.5720000000000001,0.046,0.073,0.561,2
80,11007,0.674762407602957,0.15381907778951098,0.17141851460753302,0.541358676522351,0.418162618796199,0.0939226519337016,0.13466850828729302,0.14157458563535902,0.289364640883978,0.34046961325966807,0.433183183183183,0.249249249249249,22.4076029567054,0.5720000000000001,0.046,0.073,0.718,1
81,11008,0.5821878579610539,0.233676975945017,0.184135166093929,0.610252004581902,0.42268041237113396,0.085978835978836,0.17261904761904803,0.137566137566138,0.25925925925925897,0.34457671957672,0.43704600484261497,0.24636803874092,18.944699140401102,0.5720000000000001,0.046,0.073,0.6970000000000001,2
82,11009,0.650611620795107,0.153669724770642,0.19571865443425102,0.5649847094801221,0.422400611620795,0.093998553868402,0.204627621113521,0.140274765003615,0.25018076644974696,0.310918293564714,0.479880774962742,0.19672131147541003,22.2204362801378,0.5720000000000001,0.046,0.073,0.627,1
83,11010,0.635194709772226,0.164217487141808,0.200587803085966,0.591109478324761,0.38243938280676,0.0796897038081805,0.20098730606488,0.10155148095909698,0.290550070521862,0.32722143864597997,0.5815147625160461,0.156611039794608,24.614988978692104,0.5720000000000001,0.046,0.073,0.6559999999999999,1
84,11011,0.622101449275362,0.18586956521739104,0.192028985507246,0.565217391304348,0.38405797101449296,0.0747728860936408,0.272536687631027,0.156533892382949,0.21663172606568804,0.279524807826695,0.553713527851459,0.159814323607427,18.4338662790698,0.5720000000000001,0.046,0.073,0.742,2
85,11012,0.6236012207527979,0.167514411664971,0.20888436758223103,0.598507968802984,0.361817565276365,0.0916030534351145,0.24774462179042303,0.126301179736294,0.21582234559333802,0.31852879944483004,0.530839895013123,0.20144356955380605,20.5057666214383,0.5720000000000001,0.046,0.073,0.677,2
86,11013,0.591094493541808,0.218898708361659,0.190006798096533,0.540108769544528,0.299116247450714,0.131544502617801,0.3180628272251311,0.13874345549738198,0.16884816753926699,0.24280104712041894,0.625986642380085,0.11778992106861001,14.9329475833901,0.5720000000000001,0.046,0.073,0.7440000000000001,3
87,11014,0.7864438254410401,0.123955431754875,0.0896007428040854,0.33472609099350004,0.361188486536676,0.0596298834818369,0.2145305003427,0.14667580534612698,0.25017135023989,0.32899246058944503,0.632243684992571,0.135215453194651,22.054807245703696,0.5720000000000001,0.046,0.073,0.8240000000000001,1
88,11015,0.694857628559286,0.177220569485763,0.12792180195495098,0.45176370590735204,0.320441988950276,0.0624142661179698,0.25651577503429396,0.137174211248285,0.22565157750342899,0.31824417009602196,0.6584553928095871,0.10585885486018598,19.9744789451297,0.5720000000000001,0.046,0.073,0.763,2
89,11016,0.568247126436782,0.25323275862069,0.17852011494252898,0.5704022988505749,0.32507183908046006,0.10396039603960401,0.282178217821782,0.168316831683168,0.214285714285714,0.231258840169731,0.6549463647199051,0.121573301549464,15.438198198198199,0.5720000000000001,0.046,0.073,0.7220000000000001,3
90,11017,0.615787635347538,0.24135522179531999,0.14285714285714302,0.551519385260217,0.336709745022703,0.08457374830852499,0.24830852503383,0.165087956698241,0.235453315290934,0.266576454668471,0.586609336609337,0.15786240786240802,17.185029730675097,0.5720000000000001,0.046,0.073,0.7590000000000001,2
91,11018,0.568050924522582,0.202485601697484,0.229463473779933,0.638678387390118,0.3616247347681121,0.10869565217391301,0.27241847826086996,0.12364130434782598,0.19836956521739102,0.296875,0.5418552036199099,0.18778280542986397,18.31299332119,0.5720000000000001,0.046,0.073,0.7040000000000001,2
92,11019,0.567201762669185,0.2401636764243,0.192634560906516,0.597104186339314,0.375196726471514,0.0964432284541724,0.27359781121751,0.19220246238030103,0.207250341997264,0.23050615595075197,0.550817757009346,0.18049065420560698,15.4424108551594,0.5720000000000001,0.046,0.073,0.735,3
93,11020,0.581504138179201,0.236056135300468,0.18243972652033102,0.585822238215185,0.380352644836272,0.0898245614035088,0.277894736842105,0.12,0.19578947368420999,0.316491228070175,0.598522167487685,0.12561576354679801,18.515686981608397,0.5720000000000001,0.046,0.073,0.731,2
94,11021,0.47803826461870097,0.262193478846672,0.259768256534627,0.7081649151172191,0.389113446510375,0.11681914144968301,0.314567206192822,0.131597466572836,0.199155524278677,0.23786066150598198,0.5201504567436861,0.185384202041913,14.503375641371901,0.5720000000000001,0.046,0.073,0.6729999999999999,3
95,11022,0.458344567268806,0.337826907522243,0.203828525208951,0.6902129954165539,0.360744135885684,0.0697183098591549,0.31690140845070397,0.157746478873239,0.188732394366197,0.266901408450704,0.522842639593909,0.135532994923858,13.8998914812805,0.5720000000000001,0.046,0.073,0.6890000000000001,3
96,11023,0.726691729323308,0.13082706766917301,0.14248120300751901,0.415789473684211,0.4368421052631579,0.0542021924482339,0.15347137637028,0.173568818514007,0.213763702801462,0.404993909866017,0.48969438521677294,0.164179104477612,19.564006024096397,0.5720000000000001,0.046,0.073,0.855,2
97,11024,0.6397000789265981,0.15548539857932098,0.20481452249408,0.49131807419100204,0.333859510655091,0.0934139784946237,0.181451612903226,0.118951612903226,0.208333333333333,0.397849462365591,0.556865464632455,0.0846047156726768,17.6526064464783,0.5720000000000001,0.046,0.073,0.7929999999999999,2
98,11025,0.511973018549747,0.179426644182125,0.30860033726812797,0.5747048903878579,0.226306913996627,0.25091709464416695,0.21570066030814397,0.0953778429933969,0.151137197358767,0.286867204695525,0.45770392749244704,0.170694864048338,11.573534453205301,0.5720000000000001,0.046,0.073,0.853,3
99,12001,0.7746666666666671,0.092,0.133333333333333,0.451111111111111,0.4186666666666671,0.0804521276595745,0.201462765957447,0.13231382978723402,0.32712765957446804,0.258643617021277,0.5390070921985821,0.142631993695824,22.943875278396398,0.53,0.029,0.042,0.753,1
100,12002,0.766735112936345,0.149075975359343,0.0841889117043121,0.376180698151951,0.43901437371663204,0.101628664495114,0.149185667752443,0.15244299674267098,0.282084690553746,0.314657980456026,0.45122985581000796,0.20780322307039897,22.1488486842105,0.53,0.029,0.042,0.8079999999999999,1
101,12003,0.6043795620437961,0.127591240875912,0.268029197080292,0.68992700729927,0.373430656934307,0.17890520694259,0.186248331108144,0.0954606141522029,0.29105473965287,0.248331108144192,0.422585227272727,0.28125,19.7920328060926,0.53,0.029,0.042,0.637,2
102,12004,0.7678056813503499,0.109098394400988,0.12309592424866199,0.46315356113627004,0.424042815973652,0.10448760884125899,0.156061620897522,0.133958472873409,0.297387809778968,0.30810448760884096,0.46469622331691296,0.19704433497536897,23.693163097199303,0.53,0.029,0.042,0.7440000000000001,1
103,12005,0.7913247362250879,0.10199296600234499,0.10668229777256699,0.43298163345056706,0.43259085580304796,0.0925050641458474,0.185685347738015,0.226873733963538,0.264686022957461,0.23024983119513798,0.288775510204082,0.34387755102040807,17.951524628616102,0.53,0.029,0.042,0.818,2
104,12006,0.711462450592885,0.12736056214317099,0.161176987263944,0.4672815107597721,0.334650856389987,0.08601398601398598,0.0944055944055944,0.0692307692307692,0.14545454545454503,0.604895104895105,0.47842170160295894,0.18002466091245398,26.1183457985042,0.53,0.029,0.042,0.634,1
105,12007,0.6923676012461061,0.106308411214953,0.201323987538941,0.42211838006230495,0.299065420560748,0.27836411609498696,0.178100263852243,0.127308707124011,0.20646437994723,0.20976253298152997,0.40318302387267896,0.23076923076923103,16.3882352941176,0.53,0.029,0.042,0.7859999999999999,2
106,12008,0.744016227180527,0.128600405679513,0.127383367139959,0.3858012170385399,0.39675456389452296,0.0921318090114324,0.19502353732347,0.174848688634835,0.25823806321452597,0.279757901815736,0.47231543624161104,0.20805369127516798,17.7410423452769,0.53,0.029,0.042,0.845,2
107,12009,0.6730068798057471,0.20882233913395398,0.11817078106029902,0.43140428976122996,0.3646297045730471,0.105729877216917,0.248294679399727,0.129604365620737,0.26057298772169196,0.255798090040928,0.575039494470774,0.13744075829383898,16.6692338873125,0.53,0.029,0.042,0.795,2
108,12010,0.41104152168870295,0.144977963349571,0.44398051496172597,0.6771050800278361,0.301554163767107,0.0817402768622281,0.18984838497033604,0.133816743572841,0.246539222148978,0.3480553724456161,0.530120481927711,0.147469879518072,13.3303821062442,0.53,0.029,0.042,0.6859999999999999,3
109,12011,0.7149478563151801,0.133256083429896,0.15179606025492498,0.5241405948242561,0.408651989185014,0.0618473895582329,0.282730923694779,0.35261044176706796,0.20321285140562198,0.0995983935742972,0.25793244626407397,0.449334698055271,9.712021646695009,0.53,0.029,0.042,0.843,3
110,12012,0.645871559633028,0.142201834862385,0.211926605504587,0.6275229357798161,0.342813455657492,0.12770562770562802,0.23881673881673898,0.259018759018759,0.248917748917749,0.12554112554112598,0.315875613747954,0.421440261865794,12.364831804281302,0.53,0.029,0.042,0.737,3
111,12013,0.600779312787814,0.218916046758767,0.180304640453418,0.544102019128587,0.28869996457669106,0.110961667787492,0.33691997310020194,0.145258910558171,0.18762609280430398,0.21923335574983202,0.65222623345367,0.129963898916968,14.9850640113798,0.53,0.029,0.042,0.782,3
112,12014,0.5037571385632701,0.19777577397054397,0.298467087466186,0.583408476104599,0.164111812443643,0.392117568470274,0.215764863059452,0.0915163660654643,0.12758851035404098,0.173012692050768,0.525757575757576,0.190909090909091,9.260613572977999,0.53,0.029,0.042,0.8140000000000001,3
113,12015,0.777564717162033,0.142377756471716,0.0800575263662512,0.31783317353787205,0.312080536912752,0.0668896321070234,0.266889632107023,0.16187290969899698,0.226086956521739,0.27826086956521695,0.6953504510756421,0.0784177654406662,18.9525179856115,0.53,0.029,0.042,0.797,2
114,12016,0.653877221324717,0.178513731825525,0.167609046849758,0.510500807754443,0.28594507269790004,0.0705218617771509,0.354019746121298,0.212270803949224,0.206629055007052,0.156558533145275,0.5927977839335179,0.120498614958449,13.002428166734099,0.53,0.029,0.042,0.774,3
115,12017,0.746835443037975,0.130074203404627,0.123090353557399,0.38498472282845897,0.407682234831951,0.0747087045921864,0.166552433173406,0.139821795750514,0.24400274160383803,0.37491432488005494,0.529832935560859,0.15194908512330899,19.3231441048035,0.53,0.029,0.042,0.873,2
116,12018,0.8507905138339921,0.0879446640316206,0.0612648221343874,0.28013833992094894,0.33201581027668,0.0882749326145552,0.17520215633423197,0.150943396226415,0.224393530997305,0.36118598382749295,0.588120740019474,0.15287244401168398,20.5669642857143,0.53,0.029,0.042,0.828,2
117,12019,0.8088026502602931,0.116422148603881,0.0747752011358258,0.314718409843824,0.30052058684335103,0.0782493368700265,0.244694960212202,0.19429708222811698,0.20557029177718802,0.277188328912467,0.656683710737765,0.113951789627465,17.6663507109005,0.53,0.029,0.042,0.8440000000000001,2
118,12020,0.7876588021778579,0.12431941923775,0.088021778584392,0.32577132486388394,0.354355716878403,0.0807412309728656,0.189278623428193,0.14626075446724,0.23825281270681697,0.345466578424884,0.6239882266372329,0.114054451802796,22.117432862995,0.53,0.029,0.042,0.86,1
119,12021,0.795132743362832,0.11769911504424799,0.0871681415929204,0.329646017699115,0.34336283185840694,0.0718085106382979,0.20345744680851102,0.18151595744680799,0.257313829787234,0.285904255319149,0.619369369369369,0.16141141141141102,17.2743009320905,0.53,0.029,0.042,0.863,2
120,12022,0.812204351939451,0.114001892147588,0.0737937559129612,0.325922421948912,0.271523178807947,0.11764705882352902,0.255347593582888,0.164438502673797,0.20588235294117604,0.25668449197861,0.671652954375468,0.11144353029169801,16.838938891520602,0.53,0.029,0.042,0.8320000000000001,2
121,12023,0.75219683655536,0.156854130052724,0.0909490333919156,0.34578207381370796,0.271968365553603,0.108709888670596,0.259986902423052,0.179436804191225,0.235101506221349,0.216764898493779,0.6762749445676279,0.0990391722099039,15.9388204225352,0.53,0.029,0.042,0.848,3
122,12024,0.7944186046511629,0.135813953488372,0.0697674418604651,0.329767441860465,0.313953488372093,0.07707910750507099,0.267072346179851,0.191345503718729,0.244083840432725,0.22041920216362398,0.630563798219584,0.126112759643917,16.682643089809197,0.53,0.029,0.042,0.8690000000000001,2
123,12025,0.83900335409679,0.10158121705797801,0.0594154288452324,0.266411116435074,0.328222328701485,0.073252688172043,0.195564516129032,0.165322580645161,0.252016129032258,0.313844086021505,0.61328125,0.14140625,21.964525407478398,0.53,0.029,0.042,0.8740000000000001,1
124,12026,0.747327917913638,0.133390337751176,0.119281744335186,0.36425823001282603,0.34245404018811504,0.0633423180592992,0.21900269541779,0.17722371967654998,0.254716981132075,0.28571428571428603,0.617310443490701,0.145922746781116,17.045357295678198,0.53,0.029,0.042,0.8320000000000001,2
125,12027,0.747178329571106,0.13544018058690702,0.117381489841986,0.39322799097065503,0.33363431151241496,0.0603217158176944,0.260723860589812,0.14544235924933,0.20308310991957101,0.330428954423592,0.6392629340892979,0.0992204110559887,18.4714932126697,0.53,0.029,0.042,0.84,2
126,12028,0.7797434763379041,0.15258735072976598,0.0676691729323308,0.35205661211853206,0.33613445378151297,0.0805910006715917,0.237071860308932,0.182672934855608,0.239758226997985,0.259905977165883,0.605029585798817,0.152366863905325,17.627876106194698,0.53,0.029,0.042,0.858,2
127,12029,0.761833582461385,0.14100647732934699,0.0971599402092676,0.37219730941704,0.319880418535127,0.0783744557329463,0.226415094339623,0.17489114658926003,0.191582002902758,0.328737300435414,0.662835249042146,0.0942528735632184,17.6643356643357,0.53,0.029,0.042,0.848,2
128,12030,0.8031578947368421,0.107894736842105,0.0889473684210526,0.38684210526315793,0.348947368421053,0.0760095011876485,0.196357878068092,0.211401425178147,0.250989707046714,0.265241488519398,0.579870729455217,0.17266851338873498,18.7720316622691,0.53,0.029,0.042,0.794,2
129,12031,0.726263871763255,0.118783394985614,0.15495273325113001,0.512124948623099,0.36374845869297207,0.0941734417344173,0.181571815718157,0.128048780487805,0.251355013550136,0.344850948509485,0.544052863436123,0.16152716593245198,21.0378445084327,0.53,0.029,0.042,0.7859999999999999,1
130,24001,0.5452966714905929,0.345586107091172,0.10911722141823402,0.632706222865412,0.43386396526772797,0.10543549443353,0.165684348395547,0.138179436804191,0.33071381794368,0.259986902423052,0.506206896551724,0.19724137931034502,15.8914616497829,0.5820000000000001,0.045,0.07,0.6559999999999999,3
131,24002,0.747016706443914,0.165473349244232,0.0875099443118536,0.36913285600636403,0.4546539379474939,0.0889328063241107,0.148880105401845,0.15019762845849802,0.31488801054018395,0.29710144927536203,0.41442953020134204,0.225671140939597,21.4767025089606,0.5820000000000001,0.045,0.07,0.789,1
132,24003,0.7584861490440892,0.15918845103394502,0.0823253999219664,0.38158408115489706,0.42996488490050705,0.0834938985228003,0.184328837508028,0.18111753371869002,0.251766217084136,0.299293513166346,0.430979133226324,0.22552166934189397,22.310546875,0.5820000000000001,0.045,0.07,0.84,1
133,24004,0.7589928057553961,0.133093525179856,0.107913669064748,0.41446842525979205,0.44044764188649105,0.0871010638297872,0.155585106382979,0.1875,0.293882978723404,0.27593085106383003,0.42665549036043604,0.230511316010059,21.6048,0.5820000000000001,0.045,0.07,0.8009999999999999,1
134,24005,0.881304347826087,0.0652173913043478,0.0534782608695652,0.23739130434782602,0.467826086956522,0.0900958466453674,0.10543130990415302,0.14632587859424898,0.35846645367412105,0.29968051118210903,0.387378640776699,0.27669902912621397,23.2592431491953,0.5820000000000001,0.045,0.07,0.878,1
135,24006,0.8729351969504449,0.0686149936467598,0.0584498094027954,0.256247352816603,0.478187208809826,0.0785096473719228,0.117764471057884,0.18163672654690602,0.393878908848969,0.228210246174318,0.323060573857598,0.344314558979809,20.0965692503177,0.5820000000000001,0.045,0.07,0.87,2
136,24007,0.716177079023583,0.17252792718245802,0.111294993793959,0.450144807612743,0.460488208522962,0.0827586206896552,0.140689655172414,0.11724137931034499,0.271034482758621,0.388275862068966,0.4910505836575879,0.17665369649805396,24.0261194029851,0.5820000000000001,0.045,0.07,0.772,1
137,24008,0.6982443306510611,0.12362838332114098,0.178127286027798,0.540599853694221,0.43306510607169,0.0850066934404284,0.16398929049531502,0.141231593038822,0.24631860776439102,0.363453815261044,0.45973645680819897,0.21669106881405603,22.6137527432334,0.5820000000000001,0.045,0.07,0.718,1
138,24009,0.6718690521507421,0.146555005709935,0.181575942139322,0.5066615911686331,0.446136277122193,0.0746169220519654,0.146568954030646,0.100599600266489,0.22318454363757503,0.45502998001332395,0.47307132459970896,0.176855895196507,25.1907844630617,0.5820000000000001,0.045,0.07,0.715,1
139,24010,0.642971501761127,0.138328530259366,0.218699967979507,0.553954530899776,0.41242395132884996,0.108949416342412,0.15888456549935098,0.127107652399481,0.27496757457846993,0.33009079118028495,0.44519166106254204,0.23604572965702803,23.4735661646908,0.5820000000000001,0.045,0.07,0.6659999999999999,1
140,24011,0.5934407690132879,0.15493355951371202,0.251625671473,0.6658184902459711,0.388747526152106,0.0985723997280761,0.188987083616587,0.14276002719238598,0.278042148198504,0.29163834126444604,0.45337243401759497,0.266862170087976,20.6801470588235,0.5820000000000001,0.045,0.07,0.545,1
141,24012,0.5527044025157231,0.13710691823899399,0.310188679245283,0.6978616352201259,0.3866666666666671,0.124,0.16933333333333303,0.14,0.24600000000000002,0.320666666666667,0.43240284619595,0.26327312534209096,21.665157232704395,0.5820000000000001,0.045,0.07,0.45399999999999996,1
142,24013,0.598596043395022,0.158902361199745,0.24250159540523303,0.616145500957243,0.395979578813018,0.0757363253856942,0.178120617110799,0.132538569424965,0.23352033660589103,0.380084151472651,0.49845009299442,0.218226906385617,22.0996486745449,0.5820000000000001,0.045,0.07,0.537,1
143,24014,0.529491341991342,0.197781385281385,0.272727272727273,0.681818181818182,0.435064935064935,0.0885135135135135,0.15743243243243202,0.108783783783784,0.22770270270270299,0.41756756756756797,0.45915492957746507,0.23605633802816897,21.4744248985115,0.5820000000000001,0.045,0.07,0.603,1
144,24015,0.659550975340449,0.150533676849466,0.189915347810085,0.527788001472212,0.40044166359955796,0.0676741130091984,0.11892247043364,0.0768725361366623,0.17739816031537398,0.559132720105125,0.48806584362139893,0.18930041152263397,24.3659793814433,0.5820000000000001,0.045,0.07,0.6940000000000001,1
145,24016,0.6445916114790289,0.13944076526857999,0.21596762325239102,0.559234731420162,0.46946284032376706,0.0677154582763338,0.13064295485636102,0.101231190150479,0.218878248974008,0.481532147742818,0.46997206703910605,0.168296089385475,25.5038674033149,0.5820000000000001,0.045,0.07,0.746,1
146,24017,0.7159372419488029,0.135425268373245,0.14863748967795198,0.44426094137076794,0.455821635012386,0.0675675675675676,0.14797297297297302,0.11824324324324301,0.24797297297297302,0.41824324324324297,0.484042553191489,0.15729483282674803,25.831061544816198,0.5820000000000001,0.045,0.07,0.7270000000000001,1
147,24018,0.690528634361234,0.11417033773861998,0.195301027900147,0.555800293685756,0.45704845814978,0.0915977961432507,0.146005509641873,0.12603305785124,0.229338842975207,0.40702479338843,0.41217257318952205,0.22573189522342102,22.921410209328,0.5820000000000001,0.045,0.07,0.748,1
148,24019,0.724943481537302,0.166917859834212,0.108138658628485,0.40580256217030897,0.43858327053504104,0.0927367055771725,0.125810635538262,0.164072632944228,0.304150453955901,0.313229571984436,0.449474535165724,0.230396119644301,21.0655614167295,0.5820000000000001,0.045,0.07,0.831,1
149,24020,0.7879310344827591,0.10732758620689699,0.104741379310345,0.360344827586207,0.455603448275862,0.0812250332889481,0.16844207723035998,0.14447403462050598,0.294274300932091,0.311584553928096,0.425645592163847,0.22796081923419398,23.299093655589104,0.5820000000000001,0.045,0.07,0.8320000000000001,1
150,24021,0.798257080610022,0.118518518518519,0.0832244008714597,0.338126361655773,0.46361655773420507,0.0818363273453094,0.15435795076513598,0.18562874251497,0.314703925482369,0.26347305389221604,0.424403183023873,0.21131741821397,22.618300653594797,0.5820000000000001,0.045,0.07,0.8370000000000001,1
151,24022,0.799911660777385,0.124116607773852,0.0759717314487632,0.34540636042402806,0.4522968197879861,0.0902643455834945,0.153449387491941,0.11605415860735001,0.257253384912959,0.382978723404255,0.47229326513214,0.15430520034100598,26.4358974358974,0.5820000000000001,0.045,0.07,0.8009999999999999,1
